date,market,department,sales,gross,labor
2025-01-06,m1,produce,4474.18,1544.83,525.01
2025-01-06,m1,meat,3954.94,1119.12,448.69
2025-01-06,m1,seafood,935.74,279.41,108.07
2025-01-06,m1,deli,2845.8,1281.02,492.84
2025-01-06,m1,bakery,1952.5,985.03,313.52
2025-01-06,m1,grocery,12205.6,2699.61,750.46
2025-01-06,m1,dairy,3769.57,921.3,191.47
2025-01-06,m1,frozen,2641.29,698.41,136.9
2025-01-06,m1,floral,600.07,281.0,81.3
2025-01-06,m1,hba,2188.29,836.73,156.94
2025-01-06,m2,produce,4084.43,1432.66,508.68
2025-01-06,m2,meat,3244.15,911.2,366.26
2025-01-06,m2,seafood,839.49,257.31,101.36
2025-01-06,m2,deli,2539.88,1111.8,447.23
2025-01-06,m2,bakery,1675.12,816.44,262.29
2025-01-06,m2,grocery,10247.28,2224.37,621.51
2025-01-06,m2,dairy,3324.91,791.76,162.38
2025-01-06,m2,frozen,2228.38,617.43,112.74
2025-01-06,m2,floral,524.19,246.65,74.73
2025-01-06,m2,hba,1737.07,655.31,126.36
2025-01-06,m3,produce,5477.52,1923.68,667.01
2025-01-06,m3,meat,4595.45,1308.03,494.54
2025-01-06,m3,seafood,1069.95,317.43,126.01
2025-01-06,m3,deli,3270.09,1510.65,606.34
2025-01-06,m3,bakery,2272.19,1146.69,360.52
2025-01-06,m3,grocery,15038.74,3300.35,885.35
2025-01-06,m3,dairy,4444.5,1070.61,218.01
2025-01-06,m3,frozen,3112.91,860.55,154.39
2025-01-06,m3,floral,681.85,337.06,95.53
2025-01-06,m3,hba,2332.53,862.28,158.18
2025-01-06,m4,produce,3330.01,1185.93,397.11
2025-01-06,m4,meat,2586.46,719.07,295.8
2025-01-06,m4,seafood,685.23,211.38,84.6
2025-01-06,m4,deli,1949.6,888.94,356.03
2025-01-06,m4,bakery,1414.4,697.31,228.86
2025-01-06,m4,grocery,8448.21,1851.33,505.02
2025-01-06,m4,dairy,2901.64,712.1,142.34
2025-01-06,m4,frozen,1879.03,497.56,97.05
2025-01-06,m4,floral,442.85,210.0,62.69
2025-01-06,m4,hba,1496.49,556.82,106.95
2025-01-06,m5,produce,4480.01,1594.22,538.91
2025-01-06,m5,meat,3487.09,966.08,368.83
2025-01-06,m5,seafood,967.05,296.71,119.12
2025-01-06,m5,deli,2728.23,1195.14,505.93
2025-01-06,m5,bakery,1997.95,974.14,319.31
2025-01-06,m5,grocery,11414.92,2550.55,699.46
2025-01-06,m5,dairy,3627.0,869.19,182.07
2025-01-06,m5,frozen,2490.05,687.34,123.74
2025-01-06,m5,floral,562.83,270.8,80.25
2025-01-06,m5,hba,1949.02,732.26,141.84
2025-01-06,m6,produce,5006.09,1745.62,601.57
2025-01-06,m6,meat,3903.01,1074.79,423.77
2025-01-06,m6,seafood,1033.92,305.15,121.29
2025-01-06,m6,deli,2942.69,1334.63,518.2
2025-01-06,m6,bakery,2199.48,1123.47,339.84
2025-01-06,m6,grocery,12839.04,2853.23,752.73
2025-01-06,m6,dairy,4010.43,987.65,201.66
2025-01-06,m6,frozen,2810.68,771.84,143.99
2025-01-06,m6,floral,620.71,290.74,86.42
2025-01-06,m6,hba,2203.57,835.7,157.08
2025-01-07,m1,produce,4344.3,1564.68,504.57
2025-01-07,m1,meat,3443.36,954.84,389.73
2025-01-07,m1,seafood,951.53,280.15,113.71
2025-01-07,m1,deli,2663.2,1182.52,469.78
2025-01-07,m1,bakery,1907.58,950.53,314.04
2025-01-07,m1,grocery,11649.07,2493.69,726.86
2025-01-07,m1,dairy,3783.23,933.52,195.61
2025-01-07,m1,frozen,2546.29,673.73,127.17
2025-01-07,m1,floral,533.32,254.47,72.03
2025-01-07,m1,hba,1928.5,754.17,132.46
2025-01-07,m2,produce,3732.84,1302.97,445.18
2025-01-07,m2,meat,3090.8,891.15,341.51
2025-01-07,m2,seafood,847.77,249.06,100.08
2025-01-07,m2,deli,2388.48,1079.92,431.38
2025-01-07,m2,bakery,1594.17,775.91,256.79
2025-01-07,m2,grocery,9854.93,2213.97,575.09
2025-01-07,m2,dairy,3254.55,761.41,158.64
2025-01-07,m2,frozen,2111.29,576.04,103.33
2025-01-07,m2,floral,448.94,220.54,61.58
2025-01-07,m2,hba,1674.99,641.05,116.49
2025-01-07,m3,produce,4951.9,1735.53,614.89
2025-01-07,m3,meat,3880.54,1100.65,417.94
2025-01-07,m3,seafood,1110.77,336.66,131.16
2025-01-07,m3,deli,3030.05,1384.13,526.76
2025-01-07,m3,bakery,2095.85,1079.27,348.65
2025-01-07,m3,grocery,12760.53,2759.0,751.25
2025-01-07,m3,dairy,4391.64,1078.08,226.24
2025-01-07,m3,frozen,2792.64,738.53,143.36
2025-01-07,m3,floral,644.24,311.31,93.71
2025-01-07,m3,hba,2279.51,840.63,163.61
2025-01-07,m4,produce,2929.22,1035.28,363.85
2025-01-07,m4,meat,2345.04,641.46,249.84
2025-01-07,m4,seafood,686.88,203.25,83.12
2025-01-07,m4,deli,1919.81,848.55,349.28
2025-01-07,m4,bakery,1250.85,624.99,206.63
2025-01-07,m4,grocery,8394.33,1801.58,500.58
2025-01-07,m4,dairy,2504.94,583.28,127.96
2025-01-07,m4,frozen,1745.96,464.68,88.98
2025-01-07,m4,floral,386.31,184.62,51.96
2025-01-07,m4,hba,1308.44,508.64,94.55
2025-01-07,m5,produce,4075.25,1454.97,492.26
2025-01-07,m5,meat,3187.11,872.44,345.2
2025-01-07,m5,seafood,964.25,294.42,119.05
2025-01-07,m5,deli,2651.69,1172.5,467.74
2025-01-07,m5,bakery,1669.55,848.81,275.34
2025-01-07,m5,grocery,10908.11,2417.16,636.4
2025-01-07,m5,dairy,3626.7,889.45,188.24
2025-01-07,m5,frozen,2410.11,665.62,115.92
2025-01-07,m5,floral,533.92,253.7,77.33
2025-01-07,m5,hba,1910.57,741.87,137.06
2025-01-07,m6,produce,4379.23,1559.16,509.03
2025-01-07,m6,meat,3786.96,1083.16,407.32
2025-01-07,m6,seafood,1057.31,316.44,124.9
2025-01-07,m6,deli,2901.62,1284.39,502.39
2025-01-07,m6,bakery,1862.65,921.73,306.71
2025-01-07,m6,grocery,12738.49,2765.33,772.96
2025-01-07,m6,dairy,3804.69,939.49,190.79
2025-01-07,m6,frozen,2696.99,711.38,139.92
2025-01-07,m6,floral,557.96,275.25,76.65
2025-01-07,m6,hba,1969.46,745.46,140.38
2025-01-08,m1,produce,4609.78,1623.7,553.68
2025-01-08,m1,meat,3819.22,1074.3,411.87
2025-01-08,m1,seafood,1245.55,362.49,154.55
2025-01-08,m1,deli,2939.45,1340.17,539.34
2025-01-08,m1,bakery,2047.48,1015.4,316.33
2025-01-08,m1,grocery,12762.86,2779.22,754.37
2025-01-08,m1,dairy,4103.25,997.76,201.89
2025-01-08,m1,frozen,2632.98,707.0,130.62
2025-01-08,m1,floral,657.33,308.46,91.44
2025-01-08,m1,hba,2207.93,847.94,159.54
2025-01-08,m2,produce,4038.83,1396.71,486.52
2025-01-08,m2,meat,3119.97,862.42,341.27
2025-01-08,m2,seafood,1045.36,316.52,125.09
2025-01-08,m2,deli,2474.56,1094.42,444.47
2025-01-08,m2,bakery,1779.81,905.71,277.24
2025-01-08,m2,grocery,10229.98,2252.68,620.33
2025-01-08,m2,dairy,3314.91,810.78,169.08
2025-01-08,m2,frozen,2320.97,616.31,113.26
2025-01-08,m2,floral,543.26,256.77,75.91
2025-01-08,m2,hba,1860.45,688.85,129.34
2025-01-08,m3,produce,5471.99,1880.08,666.95
2025-01-08,m3,meat,4440.62,1224.27,494.57
2025-01-08,m3,seafood,1333.71,406.14,163.5
2025-01-08,m3,deli,3234.94,1449.18,567.19
2025-01-08,m3,bakery,2421.12,1211.86,373.44
2025-01-08,m3,grocery,14077.96,3161.88,841.74
2025-01-08,m3,dairy,4697.49,1138.73,244.04
2025-01-08,m3,frozen,3116.26,864.11,160.69
2025-01-08,m3,floral,780.39,379.52,109.3
2025-01-08,m3,hba,2512.42,957.46,181.46
2025-01-08,m4,produce,3368.23,1177.09,396.4
2025-01-08,m4,meat,2636.15,744.22,296.14
2025-01-08,m4,seafood,855.87,258.71,100.85
2025-01-08,m4,deli,1963.13,872.05,346.91
2025-01-08,m4,bakery,1383.78,693.56,215.0
2025-01-08,m4,grocery,8553.43,1903.65,521.68
2025-01-08,m4,dairy,2654.72,633.6,133.19
2025-01-08,m4,frozen,1863.09,494.19,92.56
2025-01-08,m4,floral,488.75,235.78,69.49
2025-01-08,m4,hba,1533.17,591.89,106.29
2025-01-08,m5,produce,4241.94,1471.47,519.36
2025-01-08,m5,meat,3800.13,1092.98,415.31
2025-01-08,m5,seafood,1187.76,357.32,143.71
2025-01-08,m5,deli,2704.04,1196.33,484.23
2025-01-08,m5,bakery,1822.4,902.24,295.76
2025-01-08,m5,grocery,11814.66,2546.99,707.03
2025-01-08,m5,dairy,3626.72,876.8,174.47
2025-01-08,m5,frozen,2522.94,683.82,121.37
2025-01-08,m5,floral,646.59,303.58,90.25
2025-01-08,m5,hba,1918.71,723.82,131.21
2025-01-08,m6,produce,4846.76,1722.95,575.99
2025-01-08,m6,meat,4158.99,1187.71,448.42
2025-01-08,m6,seafood,1227.52,357.64,147.77
2025-01-08,m6,deli,3228.3,1439.66,588.07
2025-01-08,m6,bakery,2173.23,1096.51,354.79
2025-01-08,m6,grocery,13777.25,2976.32,794.92
2025-01-08,m6,dairy,4018.78,942.88,203.66
2025-01-08,m6,frozen,2836.41,752.87,144.08
2025-01-08,m6,floral,723.4,340.31,102.14
2025-01-08,m6,hba,2275.59,844.73,163.36
2025-01-09,m1,produce,5362.46,1832.73,619.08
2025-01-09,m1,meat,4549.11,1287.31,518.74
2025-01-09,m1,seafood,1569.71,476.99,181.98
2025-01-09,m1,deli,3232.67,1465.81,563.35
2025-01-09,m1,bakery,2255.98,1151.7,363.86
2025-01-09,m1,grocery,12080.8,2734.93,741.24
2025-01-09,m1,dairy,3904.66,933.09,193.21
2025-01-09,m1,frozen,2909.58,778.1,149.55
2025-01-09,m1,floral,881.58,413.14,127.97
2025-01-09,m1,hba,2143.47,830.58,152.53
2025-01-09,m2,produce,4327.58,1535.9,538.65
2025-01-09,m2,meat,3850.24,1098.0,424.82
2025-01-09,m2,seafood,1345.96,402.23,164.5
2025-01-09,m2,deli,2633.92,1210.28,486.65
2025-01-09,m2,bakery,1789.56,915.27,280.46
2025-01-09,m2,grocery,10635.47,2355.29,631.95
2025-01-09,m2,dairy,3211.61,787.02,156.49
2025-01-09,m2,frozen,2400.52,659.72,118.49
2025-01-09,m2,floral,753.56,366.07,103.61
2025-01-09,m2,hba,1709.53,667.08,115.7
2025-01-09,m3,produce,6022.66,2106.49,737.65
2025-01-09,m3,meat,5433.37,1534.66,597.23
2025-01-09,m3,seafood,1877.45,549.48,220.28
2025-01-09,m3,deli,3718.0,1653.64,673.61
2025-01-09,m3,bakery,2518.81,1261.74,400.61
2025-01-09,m3,grocery,14795.26,3221.91,902.12
2025-01-09,m3,dairy,4455.58,1053.39,216.02
2025-01-09,m3,frozen,3241.23,855.16,162.53
2025-01-09,m3,floral,1007.91,474.66,137.91
2025-01-09,m3,hba,2428.18,935.14,176.45
2025-01-09,m4,produce,3595.87,1242.17,417.71
2025-01-09,m4,meat,3146.13,866.51,337.2
2025-01-09,m4,seafood,1056.33,317.55,124.47
2025-01-09,m4,deli,2325.86,1049.99,425.27
2025-01-09,m4,bakery,1479.85,756.28,236.6
2025-01-09,m4,grocery,9117.25,2014.71,545.7
2025-01-09,m4,dairy,2759.15,649.66,133.01
2025-01-09,m4,frozen,2125.27,573.06,109.0
2025-01-09,m4,floral,591.9,276.85,83.72
2025-01-09,m4,hba,1414.28,526.11,99.5
2025-01-09,m5,produce,4772.61,1719.92,555.23
2025-01-09,m5,meat,4520.95,1273.94,508.87
2025-01-09,m5,seafood,1465.46,440.23,175.16
2025-01-09,m5,deli,2996.33,1377.49,560.48
2025-01-09,m5,bakery,2045.73,1030.29,330.19
2025-01-09,m5,grocery,12215.2,2759.51,715.78
2025-01-09,m5,dairy,3658.13,886.4,177.89
2025-01-09,m5,frozen,2672.35,703.14,128.3
2025-01-09,m5,floral,807.34,389.7,111.14
2025-01-09,m5,hba,1955.11,752.17,139.08
2025-01-09,m6,produce,5355.81,1895.61,664.49
2025-01-09,m6,meat,5008.23,1412.83,558.01
2025-01-09,m6,seafood,1737.63,518.95,209.26
2025-01-09,m6,deli,3379.99,1558.27,624.3
2025-01-09,m6,bakery,2207.12,1081.44,347.7
2025-01-09,m6,grocery,13512.7,2985.14,797.05
2025-01-09,m6,dairy,4007.11,972.59,203.56
2025-01-09,m6,frozen,3188.4,860.89,159.34
2025-01-09,m6,floral,859.13,401.0,119.62
2025-01-09,m6,hba,2181.09,816.4,147.68
2025-01-10,m1,produce,7148.03,2552.24,862.92
2025-01-10,m1,meat,7267.94,2096.02,810.49
2025-01-10,m1,seafood,2383.91,695.44,291.93
2025-01-10,m1,deli,3892.73,1767.65,724.01
2025-01-10,m1,bakery,2657.74,1335.67,429.82
2025-01-10,m1,grocery,14476.43,3106.71,858.02
2025-01-10,m1,dairy,4499.02,1090.79,231.39
2025-01-10,m1,frozen,3517.98,960.89,172.92
2025-01-10,m1,floral,1146.96,560.9,161.22
2025-01-10,m1,hba,2429.13,912.8,167.64
2025-01-10,m2,produce,6080.63,2115.98,730.53
2025-01-10,m2,meat,6199.82,1752.37,684.3
2025-01-10,m2,seafood,2056.14,605.28,244.01
2025-01-10,m2,deli,3403.71,1543.2,625.41
2025-01-10,m2,bakery,2264.23,1135.46,374.67
2025-01-10,m2,grocery,12238.95,2724.6,712.1
2025-01-10,m2,dairy,4073.0,983.91,199.4
2025-01-10,m2,frozen,2938.14,795.72,147.52
2025-01-10,m2,floral,895.39,442.48,129.5
2025-01-10,m2,hba,2066.14,767.11,148.47
2025-01-10,m3,produce,7856.02,2785.34,943.39
2025-01-10,m3,meat,7816.4,2232.55,892.84
2025-01-10,m3,seafood,2734.26,822.8,325.06
2025-01-10,m3,deli,4679.3,2106.73,867.83
2025-01-10,m3,bakery,3271.87,1613.97,535.64
2025-01-10,m3,grocery,16519.96,3729.09,991.81
2025-01-10,m3,dairy,5430.24,1286.28,267.14
2025-01-10,m3,frozen,4151.51,1154.46,207.4
2025-01-10,m3,floral,1218.41,586.19,168.46
2025-01-10,m3,hba,2820.75,1074.68,196.75
2025-01-10,m4,produce,4697.47,1613.4,572.6
2025-01-10,m4,meat,4903.06,1350.91,551.23
2025-01-10,m4,seafood,1630.16,496.23,198.83
2025-01-10,m4,deli,2818.08,1259.47,513.9
2025-01-10,m4,bakery,1983.26,1020.24,317.2
2025-01-10,m4,grocery,9672.34,2128.21,584.53
2025-01-10,m4,dairy,3321.11,814.96,165.26
2025-01-10,m4,frozen,2511.73,676.41,127.82
2025-01-10,m4,floral,761.73,369.03,103.69
2025-01-10,m4,hba,1702.9,665.32,117.66
2025-01-10,m5,produce,6615.89,2336.38,816.25
2025-01-10,m5,meat,6839.5,1956.35,745.12
2025-01-10,m5,seafood,2275.65,691.65,278.74
2025-01-10,m5,deli,3847.15,1683.01,668.58
2025-01-10,m5,bakery,2642.12,1354.42,439.56
2025-01-10,m5,grocery,14103.65,3090.51,819.03
2025-01-10,m5,dairy,4404.66,1080.75,219.24
2025-01-10,m5,frozen,3465.91,958.45,167.0
2025-01-10,m5,floral,1074.06,509.16,148.86
2025-01-10,m5,hba,2235.99,851.26,157.34
2025-01-10,m6,produce,7383.91,2533.2,856.22
2025-01-10,m6,meat,7572.96,2135.66,815.75
2025-01-10,m6,seafood,2667.94,783.24,319.16
2025-01-10,m6,deli,3998.6,1772.96,691.5
2025-01-10,m6,bakery,2970.24,1520.87,481.99
2025-01-10,m6,grocery,14692.52,3221.05,870.66
2025-01-10,m6,dairy,4846.12,1172.77,240.84
2025-01-10,m6,frozen,3663.93,1009.76,178.79
2025-01-10,m6,floral,1139.68,546.49,156.2
2025-01-10,m6,hba,2580.59,985.03,187.76
2025-01-11,m1,produce,9202.22,3313.14,1118.25
2025-01-11,m1,meat,9063.47,2547.81,1011.8
2025-01-11,m1,seafood,3124.82,912.08,378.17
2025-01-11,m1,deli,4878.71,2248.66,863.15
2025-01-11,m1,bakery,4146.58,2086.61,655.62
2025-01-11,m1,grocery,17623.63,3905.32,1072.46
2025-01-11,m1,dairy,5611.65,1359.66,288.18
2025-01-11,m1,frozen,4530.99,1252.98,229.2
2025-01-11,m1,floral,1316.44,629.65,185.48
2025-01-11,m1,hba,2996.23,1110.57,206.3
2025-01-11,m2,produce,8183.03,2808.32,953.07
2025-01-11,m2,meat,7912.76,2278.25,872.55
2025-01-11,m2,seafood,2699.87,826.02,317.69
2025-01-11,m2,deli,4282.95,1925.23,789.83
2025-01-11,m2,bakery,3506.7,1736.38,543.8
2025-01-11,m2,grocery,15462.26,3328.38,962.36
2025-01-11,m2,dairy,4834.87,1175.98,251.03
2025-01-11,m2,frozen,3980.26,1094.31,196.88
2025-01-11,m2,floral,1173.93,547.05,164.83
2025-01-11,m2,hba,2477.7,951.29,175.83
2025-01-11,m3,produce,10895.14,3887.07,1353.47
2025-01-11,m3,meat,10245.84,2823.02,1084.22
2025-01-11,m3,seafood,3642.5,1096.78,451.62
2025-01-11,m3,deli,5455.98,2390.85,1007.52
2025-01-11,m3,bakery,4819.75,2381.27,765.5
2025-01-11,m3,grocery,19273.79,4353.77,1138.33
2025-01-11,m3,dairy,6309.24,1477.62,325.24
2025-01-11,m3,frozen,4957.22,1334.73,251.24
2025-01-11,m3,floral,1580.92,779.15,219.9
2025-01-11,m3,hba,3449.0,1283.45,239.79
2025-01-11,m4,produce,6312.53,2207.97,751.93
2025-01-11,m4,meat,6783.89,1846.23,738.5
2025-01-11,m4,seafood,2123.05,654.13,262.01
2025-01-11,m4,deli,3279.35,1492.15,592.38
2025-01-11,m4,bakery,2953.05,1464.01,468.64
2025-01-11,m4,grocery,11792.76,2535.59,727.27
2025-01-11,m4,dairy,3825.84,927.17,193.46
2025-01-11,m4,frozen,3161.95,829.21,161.73
2025-01-11,m4,floral,915.37,429.52,128.81
2025-01-11,m4,hba,1961.31,757.15,134.08
2025-01-11,m5,produce,8671.36,3102.3,1026.29
2025-01-11,m5,meat,8498.49,2436.76,897.65
2025-01-11,m5,seafood,3001.54,881.26,349.52
2025-01-11,m5,deli,4520.69,1994.58,824.21
2025-01-11,m5,bakery,3643.56,1768.75,596.49
2025-01-11,m5,grocery,16083.95,3501.05,939.89
2025-01-11,m5,dairy,4982.37,1213.11,249.64
2025-01-11,m5,frozen,4354.34,1174.0,222.56
2025-01-11,m5,floral,1276.67,598.43,178.79
2025-01-11,m5,hba,2905.68,1073.91,208.01
2025-01-11,m6,produce,10226.33,3583.82,1223.04
2025-01-11,m6,meat,10188.0,2777.47,1118.8
2025-01-11,m6,seafood,3171.19,961.98,380.25
2025-01-11,m6,deli,5334.27,2338.99,927.97
2025-01-11,m6,bakery,4273.35,2081.0,671.43
2025-01-11,m6,grocery,18498.35,4081.44,1094.38
2025-01-11,m6,dairy,6050.01,1454.67,301.38
2025-01-11,m6,frozen,4746.82,1250.82,241.17
2025-01-11,m6,floral,1458.9,706.62,208.64
2025-01-11,m6,hba,3142.49,1173.73,219.12
2025-01-12,m1,produce,7477.79,2591.94,894.0
2025-01-12,m1,meat,6512.9,1779.31,712.22
2025-01-12,m1,seafood,1984.36,590.82,231.51
2025-01-12,m1,deli,4069.39,1783.67,751.93
2025-01-12,m1,bakery,3335.78,1627.52,543.92
2025-01-12,m1,grocery,15936.13,3517.81,962.78
2025-01-12,m1,dairy,4910.37,1166.44,238.1
2025-01-12,m1,frozen,3526.5,961.6,179.86
2025-01-12,m1,floral,1011.99,492.2,146.99
2025-01-12,m1,hba,2628.97,990.12,185.17
2025-01-12,m2,produce,6345.83,2241.93,744.7
2025-01-12,m2,meat,5364.14,1533.08,583.8
2025-01-12,m2,seafood,1702.88,513.14,209.37
2025-01-12,m2,deli,3433.15,1588.91,633.71
2025-01-12,m2,bakery,2989.21,1507.4,460.15
2025-01-12,m2,grocery,13699.82,3073.54,806.7
2025-01-12,m2,dairy,4015.69,975.49,197.72
2025-01-12,m2,frozen,2993.33,784.25,154.1
2025-01-12,m2,floral,835.16,398.49,113.57
2025-01-12,m2,hba,2241.87,827.92,160.02
2025-01-12,m3,produce,8587.65,2991.22,1017.4
2025-01-12,m3,meat,7455.14,2115.19,838.23
2025-01-12,m3,seafood,2260.12,661.15,261.51
2025-01-12,m3,deli,4336.07,1965.03,791.35
2025-01-12,m3,bakery,3907.67,1972.82,624.51
2025-01-12,m3,grocery,17669.46,3834.38,1081.79
2025-01-12,m3,dairy,5395.62,1289.5,265.1
2025-01-12,m3,frozen,4189.19,1130.17,212.26
2025-01-12,m3,floral,1071.45,511.06,151.19
2025-01-12,m3,hba,2845.89,1068.55,194.61
2025-01-12,m4,produce,5185.35,1788.25,613.69
2025-01-12,m4,meat,4371.33,1242.11,468.37
2025-01-12,m4,seafood,1350.12,409.98,162.02
2025-01-12,m4,deli,2824.08,1294.18,490.93
2025-01-12,m4,bakery,2522.11,1226.42,388.0
2025-01-12,m4,grocery,11273.63,2534.09,680.52
2025-01-12,m4,dairy,3441.29,836.29,170.93
2025-01-12,m4,frozen,2408.82,631.68,118.75
2025-01-12,m4,floral,703.83,340.23,101.15
2025-01-12,m4,hba,1898.46,703.59,136.55
2025-01-12,m5,produce,7114.73,2503.43,855.4
2025-01-12,m5,meat,6174.64,1709.22,670.49
2025-01-12,m5,seafood,1823.56,536.17,219.01
2025-01-12,m5,deli,3565.88,1605.6,662.7
2025-01-12,m5,bakery,3253.6,1649.0,533.86
2025-01-12,m5,grocery,15144.12,3278.99,882.95
2025-01-12,m5,dairy,4495.94,1085.66,229.48
2025-01-12,m5,frozen,3452.82,914.2,176.41
2025-01-12,m5,floral,926.71,451.61,132.44
2025-01-12,m5,hba,2460.06,958.61,173.09
2025-01-12,m6,produce,8180.01,2884.39,1010.2
2025-01-12,m6,meat,6984.22,1914.63,741.73
2025-01-12,m6,seafood,2037.88,604.13,240.14
2025-01-12,m6,deli,3917.51,1763.66,694.46
2025-01-12,m6,bakery,3633.53,1768.46,596.79
2025-01-12,m6,grocery,15540.19,3493.56,958.91
2025-01-12,m6,dairy,5183.26,1244.51,258.39
2025-01-12,m6,frozen,3778.25,1037.99,194.9
2025-01-12,m6,floral,1019.71,498.56,144.49
2025-01-12,m6,hba,2684.2,1018.5,182.65
2025-01-13,m1,produce,4203.55,1506.48,498.11
2025-01-13,m1,meat,3677.37,1029.95,393.91
2025-01-13,m1,seafood,886.58,264.98,105.87
2025-01-13,m1,deli,2734.79,1205.46,487.26
2025-01-13,m1,bakery,1835.17,912.56,289.83
2025-01-13,m1,grocery,11815.23,2644.46,717.27
2025-01-13,m1,dairy,3534.56,827.66,179.25
2025-01-13,m1,frozen,2447.21,669.62,123.89
2025-01-13,m1,floral,591.55,290.31,81.71
2025-01-13,m1,hba,1986.95,738.8,137.42
2025-01-13,m2,produce,3894.55,1379.32,463.31
2025-01-13,m2,meat,3089.27,887.73,334.64
2025-01-13,m2,seafood,763.56,233.08,93.92
2025-01-13,m2,deli,2358.75,1082.39,432.69
2025-01-13,m2,bakery,1624.08,813.33,262.89
2025-01-13,m2,grocery,9869.42,2153.27,585.66
2025-01-13,m2,dairy,3040.29,717.16,157.46
2025-01-13,m2,frozen,2123.1,563.83,103.08
2025-01-13,m2,floral,462.76,226.71,62.72
2025-01-13,m2,hba,1720.42,666.9,124.13
2025-01-13,m3,produce,4800.99,1663.89,588.39
2025-01-13,m3,meat,3987.49,1108.24,426.77
2025-01-13,m3,seafood,1080.61,329.46,132.88
2025-01-13,m3,deli,3032.92,1359.71,542.03
2025-01-13,m3,bakery,2195.33,1080.38,349.69
2025-01-13,m3,grocery,13166.4,2939.8,786.76
2025-01-13,m3,dairy,4263.65,1011.58,218.45
2025-01-13,m3,frozen,2867.47,789.78,141.86
2025-01-13,m3,floral,682.95,337.35,95.32
2025-01-13,m3,hba,2216.78,836.41,155.52
2025-01-13,m4,produce,3206.84,1143.73,394.09
2025-01-13,m4,meat,2429.02,669.92,270.21
2025-01-13,m4,seafood,660.49,198.79,76.74
2025-01-13,m4,deli,1976.07,907.97,349.58
2025-01-13,m4,bakery,1347.68,664.65,222.62
2025-01-13,m4,grocery,7901.65,1731.84,491.03
2025-01-13,m4,dairy,2514.58,601.73,124.22
2025-01-13,m4,frozen,1667.97,438.28,83.41
2025-01-13,m4,floral,387.4,191.47,53.69
2025-01-13,m4,hba,1314.37,512.37,94.5
2025-01-13,m5,produce,4220.61,1503.04,491.79
2025-01-13,m5,meat,3347.31,955.79,373.98
2025-01-13,m5,seafood,832.84,252.93,99.53
2025-01-13,m5,deli,2463.91,1080.77,434.84
2025-01-13,m5,bakery,1841.8,923.6,300.05
2025-01-13,m5,grocery,11146.53,2395.03,657.45
2025-01-13,m5,dairy,3440.41,803.29,170.92
2025-01-13,m5,frozen,2445.98,658.71,118.49
2025-01-13,m5,floral,561.91,271.28,75.62
2025-01-13,m5,hba,1874.99,701.46,127.51
2025-01-13,m6,produce,4563.44,1608.21,536.25
2025-01-13,m6,meat,3748.69,1059.98,398.69
2025-01-13,m6,seafood,1000.33,292.32,120.29
2025-01-13,m6,deli,2867.11,1328.0,518.32
2025-01-13,m6,bakery,1948.12,972.31,315.08
2025-01-13,m6,grocery,12876.72,2791.01,742.7
2025-01-13,m6,dairy,3991.64,949.07,203.3
2025-01-13,m6,frozen,2659.95,729.88,135.5
2025-01-13,m6,floral,586.88,274.0,82.47
2025-01-13,m6,hba,2134.05,795.13,152.72
2025-01-14,m1,produce,3965.11,1404.06,480.83
2025-01-14,m1,meat,3341.12,910.99,375.64
2025-01-14,m1,seafood,905.68,268.34,104.72
2025-01-14,m1,deli,2426.03,1061.71,451.83
2025-01-14,m1,bakery,1707.99,879.06,274.22
2025-01-14,m1,grocery,10534.21,2352.75,616.43
2025-01-14,m1,dairy,3361.95,820.46,173.02
2025-01-14,m1,frozen,2254.23,594.93,111.52
2025-01-14,m1,floral,531.54,258.86,76.76
2025-01-14,m1,hba,1798.44,702.83,125.85
2025-01-14,m2,produce,3381.47,1213.64,406.4
2025-01-14,m2,meat,2837.11,805.21,301.57
2025-01-14,m2,seafood,781.02,238.84,94.06
2025-01-14,m2,deli,2088.01,915.93,380.68
2025-01-14,m2,bakery,1421.51,715.13,226.1
2025-01-14,m2,grocery,9354.76,2039.72,540.74
2025-01-14,m2,dairy,3006.4,715.15,156.31
2025-01-14,m2,frozen,1904.92,529.14,98.66
2025-01-14,m2,floral,416.39,201.52,57.66
2025-01-14,m2,hba,1592.75,611.76,115.53
2025-01-14,m3,produce,4412.6,1554.38,541.43
2025-01-14,m3,meat,3552.88,968.97,399.52
2025-01-14,m3,seafood,1031.98,307.42,124.5
2025-01-14,m3,deli,2906.61,1322.03,541.98
2025-01-14,m3,bakery,1936.07,983.32,311.6
2025-01-14,m3,grocery,12457.33,2723.85,756.38
2025-01-14,m3,dairy,3824.13,896.5,194.81
2025-01-14,m3,frozen,2636.43,707.01,132.47
2025-01-14,m3,floral,574.33,271.72,80.06
2025-01-14,m3,hba,2195.75,823.65,158.82
2025-01-14,m4,produce,2782.98,951.99,343.38
2025-01-14,m4,meat,2257.26,647.15,247.21
2025-01-14,m4,seafood,610.43,185.13,75.28
2025-01-14,m4,deli,1719.25,766.58,298.69
2025-01-14,m4,bakery,1198.79,613.47,197.2
2025-01-14,m4,grocery,7720.59,1742.08,468.34
2025-01-14,m4,dairy,2457.63,590.14,119.16
2025-01-14,m4,frozen,1556.95,411.27,79.66
2025-01-14,m4,floral,341.16,164.29,47.26
2025-01-14,m4,hba,1312.01,500.11,92.66
2025-01-14,m5,produce,3623.81,1253.82,452.24
2025-01-14,m5,meat,3145.56,882.11,353.46
2025-01-14,m5,seafood,891.99,260.75,111.08
2025-01-14,m5,deli,2409.96,1081.23,440.04
2025-01-14,m5,bakery,1594.91,815.54,260.91
2025-01-14,m5,grocery,10404.05,2245.21,647.53
2025-01-14,m5,dairy,3218.36,791.44,155.19
2025-01-14,m5,frozen,2096.27,554.21,102.0
2025-01-14,m5,floral,477.41,232.03,66.01
2025-01-14,m5,hba,1804.3,701.88,129.8
2025-01-14,m6,produce,4073.94,1437.43,490.86
2025-01-14,m6,meat,3274.68,906.06,361.18
2025-01-14,m6,seafood,955.25,280.88,118.68
2025-01-14,m6,deli,2535.44,1151.82,464.44
2025-01-14,m6,bakery,1809.46,923.32,290.99
2025-01-14,m6,grocery,11709.52,2503.2,677.02
2025-01-14,m6,dairy,3631.92,875.68,183.79
2025-01-14,m6,frozen,2471.67,664.01,124.96
2025-01-14,m6,floral,537.08,259.77,73.93
2025-01-14,m6,hba,1997.23,758.17,143.21
2025-01-15,m1,produce,4458.08,1541.36,516.69
2025-01-15,m1,meat,3441.77,960.2,378.12
2025-01-15,m1,seafood,1103.26,333.1,130.41
2025-01-15,m1,deli,2788.17,1272.31,516.35
2025-01-15,m1,bakery,1965.08,960.77,311.16
2025-01-15,m1,grocery,11772.83,2561.91,704.48
2025-01-15,m1,dairy,3609.04,853.07,174.63
2025-01-15,m1,frozen,2448.73,656.56,123.57
2025-01-15,m1,floral,609.56,299.0,83.02
2025-01-15,m1,hba,1936.64,739.35,133.53
2025-01-15,m2,produce,3818.43,1336.31,458.75
2025-01-15,m2,meat,3059.8,846.9,323.74
2025-01-15,m2,seafood,1009.4,302.92,125.65
2025-01-15,m2,deli,2253.23,1005.0,391.0
2025-01-15,m2,bakery,1593.7,815.13,258.14
2025-01-15,m2,grocery,9916.34,2186.4,611.51
2025-01-15,m2,dairy,3119.02,765.74,158.79
2025-01-15,m2,frozen,2182.12,584.43,108.24
2025-01-15,m2,floral,535.24,252.21,75.25
2025-01-15,m2,hba,1603.61,609.53,114.63
2025-01-15,m3,produce,4922.79,1773.54,599.26
2025-01-15,m3,meat,3982.42,1146.86,434.35
2025-01-15,m3,seafood,1346.0,399.9,167.19
2025-01-15,m3,deli,3217.88,1421.9,579.64
2025-01-15,m3,bakery,2157.3,1049.22,335.15
2025-01-15,m3,grocery,13231.14,2906.27,791.14
2025-01-15,m3,dairy,4294.35,1031.6,211.76
2025-01-15,m3,frozen,2908.9,769.5,151.15
2025-01-15,m3,floral,736.3,349.17,101.73
2025-01-15,m3,hba,2340.64,891.17,166.58
2025-01-15,m4,produce,3002.63,1070.83,356.52
2025-01-15,m4,meat,2563.95,738.58,283.92
2025-01-15,m4,seafood,819.45,249.16,99.81
2025-01-15,m4,deli,1819.6,817.57,339.77
2025-01-15,m4,bakery,1350.28,686.33,217.39
2025-01-15,m4,grocery,8371.83,1851.03,489.07
2025-01-15,m4,dairy,2619.84,633.28,134.57
2025-01-15,m4,frozen,1689.17,461.02,81.29
2025-01-15,m4,floral,457.33,214.38,61.56
2025-01-15,m4,hba,1353.75,503.67,96.21
2025-01-15,m5,produce,4120.98,1466.14,511.15
2025-01-15,m5,meat,3547.71,1007.42,376.58
2025-01-15,m5,seafood,1040.97,306.81,123.17
2025-01-15,m5,deli,2634.21,1187.2,467.09
2025-01-15,m5,bakery,1723.86,883.25,272.34
2025-01-15,m5,grocery,10953.69,2449.14,668.84
2025-01-15,m5,dairy,3560.51,864.43,179.59
2025-01-15,m5,frozen,2303.02,612.36,115.69
2025-01-15,m5,floral,577.69,285.16,79.57
2025-01-15,m5,hba,1832.61,684.16,130.39
2025-01-15,m6,produce,4511.87,1564.83,560.21
2025-01-15,m6,meat,3891.9,1074.92,415.16
2025-01-15,m6,seafood,1214.84,361.82,151.38
2025-01-15,m6,deli,2956.23,1366.59,545.09
2025-01-15,m6,bakery,1928.42,951.92,313.83
2025-01-15,m6,grocery,12096.98,2652.13,711.68
2025-01-15,m6,dairy,3871.59,912.57,194.18
2025-01-15,m6,frozen,2739.99,748.5,133.02
2025-01-15,m6,floral,664.16,320.46,91.07
2025-01-15,m6,hba,2104.32,801.13,148.93
2025-01-16,m1,produce,4561.33,1588.16,556.88
2025-01-16,m1,meat,4147.68,1180.22,438.18
2025-01-16,m1,seafood,1485.42,457.1,176.92
2025-01-16,m1,deli,3084.56,1419.57,554.22
2025-01-16,m1,bakery,1984.93,1020.09,313.05
2025-01-16,m1,grocery,11871.41,2675.63,688.89
2025-01-16,m1,dairy,3722.35,895.25,189.44
2025-01-16,m1,frozen,2827.96,782.48,137.72
2025-01-16,m1,floral,826.26,388.89,119.56
2025-01-16,m1,hba,2068.62,781.22,144.75
2025-01-16,m2,produce,4235.98,1523.7,525.64
2025-01-16,m2,meat,3810.57,1035.54,421.44
2025-01-16,m2,seafood,1206.95,372.58,142.34
2025-01-16,m2,deli,2635.46,1189.04,474.15
2025-01-16,m2,bakery,1815.76,927.0,289.78
2025-01-16,m2,grocery,9640.08,2071.53,562.79
2025-01-16,m2,dairy,3127.81,739.74,152.46
2025-01-16,m2,frozen,2357.69,647.68,118.52
2025-01-16,m2,floral,693.87,326.57,99.91
2025-01-16,m2,hba,1741.55,674.77,122.06
2025-01-16,m3,produce,5264.34,1861.23,615.79
2025-01-16,m3,meat,4789.74,1326.93,516.25
2025-01-16,m3,seafood,1659.02,489.81,203.12
2025-01-16,m3,deli,3553.7,1580.16,651.07
2025-01-16,m3,bakery,2238.42,1129.53,363.67
2025-01-16,m3,grocery,12866.6,2765.81,760.06
2025-01-16,m3,dairy,4209.01,1010.32,217.1
2025-01-16,m3,frozen,3179.51,848.73,154.11
2025-01-16,m3,floral,953.3,451.96,134.69
2025-01-16,m3,hba,2202.59,818.58,149.9
2025-01-16,m4,produce,3425.32,1206.47,408.27
2025-01-16,m4,meat,3039.07,849.45,335.3
2025-01-16,m4,seafood,1051.56,310.14,123.64
2025-01-16,m4,deli,2121.89,976.23,369.16
2025-01-16,m4,bakery,1424.88,721.15,220.29
2025-01-16,m4,grocery,8243.05,1765.79,496.47
2025-01-16,m4,dairy,2587.89,623.8,125.77
2025-01-16,m4,frozen,1864.14,503.93,90.35
2025-01-16,m4,floral,540.67,260.82,73.22
2025-01-16,m4,hba,1380.88,534.45,96.3
2025-01-16,m5,produce,4542.28,1585.68,525.79
2025-01-16,m5,meat,4088.8,1165.95,457.8
2025-01-16,m5,seafood,1389.47,424.76,170.02
2025-01-16,m5,deli,2830.16,1238.82,503.09
2025-01-16,m5,bakery,1859.31,957.21,307.83
2025-01-16,m5,grocery,10636.6,2400.96,614.29
2025-01-16,m5,dairy,3478.22,848.24,177.61
2025-01-16,m5,frozen,2697.28,734.64,134.0
2025-01-16,m5,floral,793.31,378.1,114.35
2025-01-16,m5,hba,1948.26,734.82,138.37
2025-01-16,m6,produce,5094.89,1787.42,618.9
2025-01-16,m6,meat,4467.21,1226.69,492.86
2025-01-16,m6,seafood,1556.36,473.29,182.62
2025-01-16,m6,deli,2949.65,1289.33,522.37
2025-01-16,m6,bakery,2186.04,1095.94,350.66
2025-01-16,m6,grocery,12683.0,2747.99,751.61
2025-01-16,m6,dairy,3792.66,934.13,193.05
2025-01-16,m6,frozen,2734.97,752.15,135.86
2025-01-16,m6,floral,857.86,421.25,115.45
2025-01-16,m6,hba,2008.36,744.9,135.34
2025-01-17,m1,produce,6428.95,2277.58,743.62
2025-01-17,m1,meat,6636.27,1847.26,714.47
2025-01-17,m1,seafood,2209.53,677.33,255.74
2025-01-17,m1,deli,3639.53,1617.08,671.67
2025-01-17,m1,bakery,2617.27,1294.42,422.04
2025-01-17,m1,grocery,13733.74,2988.91,810.96
2025-01-17,m1,dairy,4111.32,996.2,200.98
2025-01-17,m1,frozen,3268.4,859.22,169.28
2025-01-17,m1,floral,1062.07,522.38,150.19
2025-01-17,m1,hba,2257.27,857.54,163.98
2025-01-17,m2,produce,5650.66,1998.06,693.58
2025-01-17,m2,meat,5408.48,1506.77,578.24
2025-01-17,m2,seafood,1908.87,581.4,228.58
2025-01-17,m2,deli,3200.42,1422.97,585.64
2025-01-17,m2,bakery,2240.83,1148.29,360.32
2025-01-17,m2,grocery,12012.5,2651.83,699.65
2025-01-17,m2,dairy,3530.71,832.29,178.61
2025-01-17,m2,frozen,2954.38,814.3,142.9
2025-01-17,m2,floral,889.27,418.92,122.19
2025-01-17,m2,hba,1966.31,751.81,141.76
2025-01-17,m3,produce,7093.38,2521.67,866.48
2025-01-17,m3,meat,7496.3,2096.37,848.97
2025-01-17,m3,seafood,2571.21,792.52,296.58
2025-01-17,m3,deli,4366.73,2019.51,761.95
2025-01-17,m3,bakery,3088.72,1542.4,484.02
2025-01-17,m3,grocery,15688.02,3390.17,972.54
2025-01-17,m3,dairy,4928.46,1202.38,244.07
2025-01-17,m3,frozen,3848.08,1030.21,188.73
2025-01-17,m3,floral,1178.21,565.45,159.65
2025-01-17,m3,hba,2740.75,1039.58,197.07
2025-01-17,m4,produce,4641.34,1611.87,553.13
2025-01-17,m4,meat,4564.63,1256.72,487.89
2025-01-17,m4,seafood,1553.6,478.24,187.61
2025-01-17,m4,deli,2525.69,1112.86,448.44
2025-01-17,m4,bakery,1769.12,902.25,283.04
2025-01-17,m4,grocery,9596.68,2134.68,564.62
2025-01-17,m4,dairy,3080.36,759.98,155.76
2025-01-17,m4,frozen,2332.26,617.18,119.36
2025-01-17,m4,floral,692.56,336.83,96.87
2025-01-17,m4,hba,1658.03,631.64,117.38
2025-01-17,m5,produce,5781.47,1966.91,713.02
2025-01-17,m5,meat,6430.44,1818.7,722.31
2025-01-17,m5,seafood,2141.2,655.56,251.42
2025-01-17,m5,deli,3527.81,1540.76,635.3
2025-01-17,m5,bakery,2399.33,1208.15,389.01
2025-01-17,m5,grocery,12975.21,2851.67,777.76
2025-01-17,m5,dairy,3850.41,926.96,185.0
2025-01-17,m5,frozen,3177.51,846.33,164.94
2025-01-17,m5,floral,925.12,452.4,131.32
2025-01-17,m5,hba,2226.26,866.78,150.94
2025-01-17,m6,produce,6415.16,2198.01,750.85
2025-01-17,m6,meat,6822.41,1946.4,736.5
2025-01-17,m6,seafood,2362.89,703.47,281.42
2025-01-17,m6,deli,3844.85,1781.07,676.89
2025-01-17,m6,bakery,2735.38,1396.24,443.04
2025-01-17,m6,grocery,14683.65,3280.72,852.37
2025-01-17,m6,dairy,4422.53,1064.76,213.27
2025-01-17,m6,frozen,3329.91,881.35,166.49
2025-01-17,m6,floral,1067.28,521.04,150.21
2025-01-17,m6,hba,2472.97,916.92,173.5
2025-01-18,m1,produce,8353.75,2873.19,1031.97
2025-01-18,m1,meat,8975.38,2509.41,951.48
2025-01-18,m1,seafood,2721.29,837.23,336.99
2025-01-18,m1,deli,4576.52,2001.72,852.03
2025-01-18,m1,bakery,3682.2,1892.08,593.25
2025-01-18,m1,grocery,16609.64,3700.76,988.47
2025-01-18,m1,dairy,4899.65,1152.1,239.9
2025-01-18,m1,frozen,4308.17,1155.47,222.24
2025-01-18,m1,floral,1229.56,599.24,167.18
2025-01-18,m1,hba,2861.87,1102.14,200.34
2025-01-18,m2,produce,7794.02,2654.86,930.58
2025-01-18,m2,meat,7593.17,2105.75,853.22
2025-01-18,m2,seafood,2525.82,753.05,309.73
2025-01-18,m2,deli,3683.67,1635.11,689.19
2025-01-18,m2,bakery,3186.04,1579.24,527.76
2025-01-18,m2,grocery,13676.97,3041.37,831.17
2025-01-18,m2,dairy,4168.51,1007.56,213.4
2025-01-18,m2,frozen,3618.88,952.59,175.94
2025-01-18,m2,floral,1085.51,525.23,154.89
2025-01-18,m2,hba,2276.78,844.75,153.07
2025-01-18,m3,produce,9874.31,3426.96,1163.09
2025-01-18,m3,meat,9571.43,2629.73,1048.55
2025-01-18,m3,seafood,3286.51,980.51,379.43
2025-01-18,m3,deli,5153.39,2262.4,934.89
2025-01-18,m3,bakery,4238.82,2104.82,666.92
2025-01-18,m3,grocery,18422.07,3951.87,1140.79
2025-01-18,m3,dairy,6121.91,1511.41,307.86
2025-01-18,m3,frozen,4635.57,1242.65,225.08
2025-01-18,m3,floral,1409.59,676.32,190.45
2025-01-18,m3,hba,3117.37,1178.99,217.94
2025-01-18,m4,produce,5868.68,2023.44,689.97
2025-01-18,m4,meat,6123.99,1724.37,657.23
2025-01-18,m4,seafood,1911.4,566.7,237.6
2025-01-18,m4,deli,3129.94,1418.63,577.09
2025-01-18,m4,bakery,2581.49,1277.95,423.46
2025-01-18,m4,grocery,11748.38,2658.19,684.38
2025-01-18,m4,dairy,3517.04,866.74,171.64
2025-01-18,m4,frozen,2863.85,794.79,148.56
2025-01-18,m4,floral,857.16,416.25,119.92
2025-01-18,m4,hba,1924.5,720.01,133.38
2025-01-18,m5,produce,8579.71,2983.61,997.76
2025-01-18,m5,meat,8260.9,2325.85,912.02
2025-01-18,m5,seafood,2749.23,827.25,341.86
2025-01-18,m5,deli,4303.68,1960.87,770.85
2025-01-18,m5,bakery,3489.84,1765.11,572.62
2025-01-18,m5,grocery,15845.96,3467.11,950.7
2025-01-18,m5,dairy,4925.09,1163.73,249.38
2025-01-18,m5,frozen,4045.47,1111.22,195.38
2025-01-18,m5,floral,1246.37,597.51,173.11
2025-01-18,m5,hba,2593.87,1010.53,184.36
2025-01-18,m6,produce,9232.03,3287.57,1095.39
2025-01-18,m6,meat,9431.36,2646.63,1048.92
2025-01-18,m6,seafood,2860.53,872.01,347.59
2025-01-18,m6,deli,4705.79,2136.28,816.16
2025-01-18,m6,bakery,4129.9,2086.94,655.48
2025-01-18,m6,grocery,17440.85,3944.2,1040.63
2025-01-18,m6,dairy,5108.97,1208.4,255.67
2025-01-18,m6,frozen,4385.33,1189.76,220.59
2025-01-18,m6,floral,1306.01,622.79,186.83
2025-01-18,m6,hba,2890.39,1098.38,199.82
2025-01-19,m1,produce,6822.0,2331.05,813.14
2025-01-19,m1,meat,6402.96,1751.53,729.16
2025-01-19,m1,seafood,1753.87,520.22,209.71
2025-01-19,m1,deli,3531.47,1587.53,634.45
2025-01-19,m1,bakery,3220.16,1629.09,507.76
2025-01-19,m1,grocery,14113.22,3162.69,820.72
2025-01-19,m1,dairy,4706.43,1139.57,238.66
2025-01-19,m1,frozen,3223.0,895.48,157.85
2025-01-19,m1,floral,879.92,413.75,123.78
2025-01-19,m1,hba,2536.6,948.4,176.21
2025-01-19,m2,produce,5896.04,2081.01,703.68
2025-01-19,m2,meat,4957.38,1397.57,532.11
2025-01-19,m2,seafood,1560.45,465.01,190.32
2025-01-19,m2,deli,3001.41,1371.08,553.6
2025-01-19,m2,bakery,2633.69,1285.38,433.93
2025-01-19,m2,grocery,11857.55,2581.42,709.04
2025-01-19,m2,dairy,3773.63,925.38,189.1
2025-01-19,m2,frozen,2874.13,780.53,144.99
2025-01-19,m2,floral,779.82,370.9,112.19
2025-01-19,m2,hba,2085.79,807.52,148.41
2025-01-19,m3,produce,8070.07,2843.93,936.24
2025-01-19,m3,meat,6780.78,1855.09,734.27
2025-01-19,m3,seafood,2025.61,614.74,243.28
2025-01-19,m3,deli,4149.62,1826.76,739.98
2025-01-19,m3,bakery,3609.13,1819.23,586.4
2025-01-19,m3,grocery,16801.55,3807.21,1012.52
2025-01-19,m3,dairy,5224.37,1226.79,257.34
2025-01-19,m3,frozen,3816.38,1002.83,188.67
2025-01-19,m3,floral,994.66,467.03,142.76
2025-01-19,m3,hba,2918.59,1109.43,204.22
2025-01-19,m4,produce,5106.37,1778.18,629.43
2025-01-19,m4,meat,4279.41,1168.23,453.07
2025-01-19,m4,seafood,1306.58,387.08,153.97
2025-01-19,m4,deli,2556.26,1127.42,458.56
2025-01-19,m4,bakery,2323.14,1180.1,373.18
2025-01-19,m4,grocery,9690.69,2082.6,594.24
2025-01-19,m4,dairy,3286.26,782.4,168.55
2025-01-19,m4,frozen,2227.45,609.31,111.79
2025-01-19,m4,floral,667.85,312.92,95.97
2025-01-19,m4,hba,1740.46,653.35,126.7
2025-01-19,m5,produce,6770.2,2348.04,833.01
2025-01-19,m5,meat,5778.92,1666.05,649.7
2025-01-19,m5,seafood,1682.64,514.2,203.34
2025-01-19,m5,deli,3404.58,1551.43,619.33
2025-01-19,m5,bakery,2975.37,1455.48,464.89
2025-01-19,m5,grocery,13279.89,2844.33,787.28
2025-01-19,m5,dairy,4225.68,1016.52,208.3
2025-01-19,m5,frozen,3232.84,861.83,158.63
2025-01-19,m5,floral,894.99,442.11,127.1
2025-01-19,m5,hba,2210.87,863.46,158.3
2025-01-19,m6,produce,7835.6,2823.5,967.88
2025-01-19,m6,meat,6186.61,1770.3,666.9
2025-01-19,m6,seafood,1950.39,596.65,238.94
2025-01-19,m6,deli,3887.34,1748.2,704.06
2025-01-19,m6,bakery,3323.52,1653.21,529.72
2025-01-19,m6,grocery,15322.96,3447.94,889.45
2025-01-19,m6,dairy,4782.48,1132.52,247.47
2025-01-19,m6,frozen,3455.84,958.28,170.4
2025-01-19,m6,floral,907.49,442.76,129.41
2025-01-19,m6,hba,2605.49,987.62,184.78
2025-01-20,m1,produce,4343.09,1523.22,509.41
2025-01-20,m1,meat,3709.07,1020.58,400.44
2025-01-20,m1,seafood,974.65,289.55,117.69
2025-01-20,m1,deli,2849.73,1281.25,506.54
2025-01-20,m1,bakery,1981.84,964.07,306.94
2025-01-20,m1,grocery,12484.53,2739.93,726.55
2025-01-20,m1,dairy,3970.76,949.63,190.61
2025-01-20,m1,frozen,2713.95,719.68,137.74
2025-01-20,m1,floral,568.08,275.13,77.36
2025-01-20,m1,hba,2133.09,799.58,151.16
2025-01-20,m2,produce,3763.83,1307.21,466.25
2025-01-20,m2,meat,3068.85,853.93,332.32
2025-01-20,m2,seafood,818.11,241.52,99.39
2025-01-20,m2,deli,2455.37,1071.84,441.15
2025-01-20,m2,bakery,1593.6,783.71,258.65
2025-01-20,m2,grocery,9812.54,2184.09,603.69
2025-01-20,m2,dairy,3417.67,816.42,165.86
2025-01-20,m2,frozen,2111.15,566.01,107.51
2025-01-20,m2,floral,481.39,228.48,69.45
2025-01-20,m2,hba,1674.86,646.89,119.61
2025-01-20,m3,produce,5031.02,1812.94,586.47
2025-01-20,m3,meat,4308.76,1170.87,479.65
2025-01-20,m3,seafood,1078.72,327.93,130.77
2025-01-20,m3,deli,3142.15,1406.48,574.03
2025-01-20,m3,bakery,2318.83,1130.66,359.15
2025-01-20,m3,grocery,14313.31,3165.85,850.83
2025-01-20,m3,dairy,4612.93,1094.78,224.0
2025-01-20,m3,frozen,2917.79,768.15,146.51
2025-01-20,m3,floral,685.04,330.94,98.05
2025-01-20,m3,hba,2396.09,929.52,169.85
2025-01-20,m4,produce,3115.92,1091.73,374.2
2025-01-20,m4,meat,2679.55,741.07,284.25
2025-01-20,m4,seafood,686.85,211.68,82.39
2025-01-20,m4,deli,1904.96,857.21,345.47
2025-01-20,m4,bakery,1366.27,702.72,227.12
2025-01-20,m4,grocery,8866.67,1907.59,547.36
2025-01-20,m4,dairy,2701.9,643.22,137.07
2025-01-20,m4,frozen,1864.29,517.08,95.23
2025-01-20,m4,floral,392.9,183.7,53.96
2025-01-20,m4,hba,1365.37,505.16,97.79
2025-01-20,m5,produce,4317.18,1522.67,518.11
2025-01-20,m5,meat,3518.57,997.13,374.11
2025-01-20,m5,seafood,899.76,271.81,106.05
2025-01-20,m5,deli,2638.33,1188.05,463.62
2025-01-20,m5,bakery,1905.96,955.06,302.29
2025-01-20,m5,grocery,11687.77,2622.92,711.42
2025-01-20,m5,dairy,3483.95,846.11,177.4
2025-01-20,m5,frozen,2550.75,670.43,123.32
2025-01-20,m5,floral,556.63,266.44,78.61
2025-01-20,m5,hba,1905.34,734.53,135.94
2025-01-20,m6,produce,4587.0,1625.48,559.31
2025-01-20,m6,meat,3790.27,1090.12,417.7
2025-01-20,m6,seafood,1018.89,309.72,119.01
2025-01-20,m6,deli,2861.66,1309.47,505.57
2025-01-20,m6,bakery,2122.6,1078.58,326.83
2025-01-20,m6,grocery,13138.35,2850.89,760.8
2025-01-20,m6,dairy,4110.8,991.13,198.59
2025-01-20,m6,frozen,2712.63,726.26,135.63
2025-01-20,m6,floral,623.42,296.87,85.57
2025-01-20,m6,hba,2061.59,786.88,146.88
2025-01-21,m1,produce,4016.41,1406.49,464.39
2025-01-21,m1,meat,3483.82,960.52,382.36
2025-01-21,m1,seafood,932.62,273.91,115.78
2025-01-21,m1,deli,2687.86,1213.37,499.84
2025-01-21,m1,bakery,1811.96,901.6,285.78
2025-01-21,m1,grocery,11112.21,2477.0,654.53
2025-01-21,m1,dairy,3389.38,807.24,169.5
2025-01-21,m1,frozen,2474.44,655.25,126.73
2025-01-21,m1,floral,556.37,274.33,75.21
2025-01-21,m1,hba,1880.75,705.35,135.28
2025-01-21,m2,produce,3448.66,1210.88,397.55
2025-01-21,m2,meat,2772.01,779.13,300.14
2025-01-21,m2,seafood,811.96,243.06,98.15
2025-01-21,m2,deli,2204.36,1008.19,387.12
2025-01-21,m2,bakery,1564.2,794.32,245.17
2025-01-21,m2,grocery,9054.96,1981.34,531.69
2025-01-21,m2,dairy,2961.74,725.3,152.56
2025-01-21,m2,frozen,2113.19,553.5,106.99
2025-01-21,m2,floral,466.94,227.19,63.3
2025-01-21,m2,hba,1609.02,601.82,112.56
2025-01-21,m3,produce,4538.87,1635.97,553.89
2025-01-21,m3,meat,3708.75,1064.7,420.93
2025-01-21,m3,seafood,1087.36,330.14,129.15
2025-01-21,m3,deli,3125.97,1371.65,544.47
2025-01-21,m3,bakery,1960.21,998.92,302.97
2025-01-21,m3,grocery,12974.36,2843.22,807.37
2025-01-21,m3,dairy,3962.44,937.35,195.19
2025-01-21,m3,frozen,2817.95,770.01,143.55
2025-01-21,m3,floral,599.33,283.74,81.05
2025-01-21,m3,hba,2105.91,813.69,148.41
2025-01-21,m4,produce,2790.4,956.97,333.94
2025-01-21,m4,meat,2331.27,654.16,265.97
2025-01-21,m4,seafood,641.25,190.16,75.5
2025-01-21,m4,deli,1747.51,770.23,319.23
2025-01-21,m4,bakery,1278.99,647.05,197.11
2025-01-21,m4,grocery,8107.74,1765.27,470.56
2025-01-21,m4,dairy,2414.76,574.53,120.87
2025-01-21,m4,frozen,1694.68,450.98,88.06
2025-01-21,m4,floral,354.15,169.01,49.39
2025-01-21,m4,hba,1353.91,506.76,94.49
2025-01-21,m5,produce,4041.31,1383.89,466.02
2025-01-21,m5,meat,3299.24,950.53,352.19
2025-01-21,m5,seafood,925.5,275.52,112.22
2025-01-21,m5,deli,2501.0,1131.01,441.49
2025-01-21,m5,bakery,1733.48,841.87,267.69
2025-01-21,m5,grocery,11074.23,2428.06,644.72
2025-01-21,m5,dairy,3497.99,856.11,172.54
2025-01-21,m5,frozen,2156.54,580.9,104.96
2025-01-21,m5,floral,508.0,248.55,70.52
2025-01-21,m5,hba,1708.61,656.41,116.47
2025-01-21,m6,produce,4211.3,1446.29,496.46
2025-01-21,m6,meat,3665.25,997.62,407.02
2025-01-21,m6,seafood,965.66,286.14,115.06
2025-01-21,m6,deli,2738.65,1199.93,484.27
2025-01-21,m6,bakery,1790.45,879.08,295.29
2025-01-21,m6,grocery,11796.72,2615.64,724.91
2025-01-21,m6,dairy,3825.25,945.02,195.58
2025-01-21,m6,frozen,2462.58,666.67,122.98
2025-01-21,m6,floral,580.35,278.61,80.52
2025-01-21,m6,hba,1918.25,721.01,131.26
2025-01-22,m1,produce,4721.13,1680.01,546.53
2025-01-22,m1,meat,3918.95,1099.24,440.29
2025-01-22,m1,seafood,1238.52,382.12,143.87
2025-01-22,m1,deli,2875.41,1275.81,530.67
2025-01-22,m1,bakery,2027.53,986.75,337.29
2025-01-22,m1,grocery,11799.25,2649.8,724.8
2025-01-22,m1,dairy,3777.99,925.17,194.12
2025-01-22,m1,frozen,2511.03,681.74,128.63
2025-01-22,m1,floral,661.59,325.45,89.13
2025-01-22,m1,hba,2085.62,813.82,146.74
2025-01-22,m2,produce,3884.55,1334.16,484.34
2025-01-22,m2,meat,3296.22,922.51,357.04
2025-01-22,m2,seafood,1001.69,293.12,117.63
2025-01-22,m2,deli,2338.69,1054.08,404.15
2025-01-22,m2,bakery,1723.5,846.32,267.61
2025-01-22,m2,grocery,10542.76,2377.69,649.99
2025-01-22,m2,dairy,3201.12,746.23,161.16
2025-01-22,m2,frozen,2297.85,630.63,118.08
2025-01-22,m2,floral,571.34,281.82,79.18
2025-01-22,m2,hba,1814.72,685.28,122.98
2025-01-22,m3,produce,5119.08,1752.6,597.46
2025-01-22,m3,meat,4488.4,1278.76,511.92
2025-01-22,m3,seafood,1376.76,404.95,171.41
2025-01-22,m3,deli,3318.67,1531.83,611.08
2025-01-22,m3,bakery,2176.31,1093.96,339.17
2025-01-22,m3,grocery,13691.18,3046.13,796.98
2025-01-22,m3,dairy,4509.58,1111.44,233.57
2025-01-22,m3,frozen,2952.0,820.68,153.09
2025-01-22,m3,floral,711.2,343.47,102.92
2025-01-22,m3,hba,2461.24,919.61,173.19
2025-01-22,m4,produce,3317.8,1136.19,405.95
2025-01-22,m4,meat,2546.24,733.58,272.64
2025-01-22,m4,seafood,857.53,250.91,104.62
2025-01-22,m4,deli,2009.27,925.15,360.12
2025-01-22,m4,bakery,1330.43,655.22,205.51
2025-01-22,m4,grocery,8291.13,1781.15,477.62
2025-01-22,m4,dairy,2652.94,645.59,137.63
2025-01-22,m4,frozen,1886.42,509.12,93.41
2025-01-22,m4,floral,456.23,213.75,63.77
2025-01-22,m4,hba,1483.33,568.77,105.39
2025-01-22,m5,produce,4168.79,1421.76,514.09
2025-01-22,m5,meat,3475.8,962.64,396.15
2025-01-22,m5,seafood,1072.89,315.5,127.46
2025-01-22,m5,deli,2751.84,1241.82,511.11
2025-01-22,m5,bakery,1773.76,891.89,286.38
2025-01-22,m5,grocery,11512.98,2461.58,715.23
2025-01-22,m5,dairy,3519.96,864.55,171.17
2025-01-22,m5,frozen,2367.03,627.81,115.42
2025-01-22,m5,floral,628.49,305.69,89.61
2025-01-22,m5,hba,1896.79,711.33,129.99
2025-01-22,m6,produce,4553.71,1600.66,561.3
2025-01-22,m6,meat,3786.25,1051.3,414.08
2025-01-22,m6,seafood,1213.12,367.47,146.74
2025-01-22,m6,deli,2883.28,1260.55,505.32
2025-01-22,m6,bakery,2001.08,975.44,328.98
2025-01-22,m6,grocery,12502.59,2733.65,749.5
2025-01-22,m6,dairy,4090.15,957.56,205.23
2025-01-22,m6,frozen,2638.97,729.0,130.57
2025-01-22,m6,floral,677.52,320.59,94.59
2025-01-22,m6,hba,2088.07,782.45,141.04
2025-01-23,m1,produce,5079.22,1795.59,589.3
2025-01-23,m1,meat,4412.4,1238.54,503.64
2025-01-23,m1,seafood,1547.22,465.66,190.73
2025-01-23,m1,deli,3164.57,1417.1,571.24
2025-01-23,m1,bakery,2201.15,1098.91,362.94
2025-01-23,m1,grocery,12111.07,2597.12,750.08
2025-01-23,m1,dairy,3915.81,939.91,202.06
2025-01-23,m1,frozen,2895.81,790.2,146.18
2025-01-23,m1,floral,794.36,387.17,108.3
2025-01-23,m1,hba,2143.65,837.66,153.76
2025-01-23,m2,produce,4053.7,1412.27,505.45
2025-01-23,m2,meat,3785.44,1091.55,420.64
2025-01-23,m2,seafood,1346.99,398.23,166.95
2025-01-23,m2,deli,2714.85,1189.94,484.3
2025-01-23,m2,bakery,1786.24,883.8,280.68
2025-01-23,m2,grocery,10275.73,2311.32,630.68
2025-01-23,m2,dairy,3298.7,792.76,163.87
2025-01-23,m2,frozen,2369.2,626.18,119.29
2025-01-23,m2,floral,719.99,354.71,104.22
2025-01-23,m2,hba,1748.81,648.64,120.32
2025-01-23,m3,produce,5717.69,1982.45,681.23
2025-01-23,m3,meat,5094.49,1425.22,565.28
2025-01-23,m3,seafood,1681.91,497.77,196.08
2025-01-23,m3,deli,3565.28,1623.02,618.07
2025-01-23,m3,bakery,2536.86,1255.61,397.38
2025-01-23,m3,grocery,14303.96,3226.33,885.5
2025-01-23,m3,dairy,4197.18,1026.51,206.55
2025-01-23,m3,frozen,3162.03,853.32,160.58
2025-01-23,m3,floral,911.41,447.16,123.87
2025-01-23,m3,hba,2462.81,932.67,176.89
2025-01-23,m4,produce,3388.01,1179.88,411.3
2025-01-23,m4,meat,3039.78,836.4,343.04
2025-01-23,m4,seafood,1099.29,334.92,135.79
2025-01-23,m4,deli,2215.76,998.01,387.96
2025-01-23,m4,bakery,1458.2,729.4,226.51
2025-01-23,m4,grocery,8796.45,1979.26,507.9
2025-01-23,m4,dairy,2601.11,636.74,133.56
2025-01-23,m4,frozen,1918.64,516.68,99.14
2025-01-23,m4,floral,589.82,279.28,84.71
2025-01-23,m4,hba,1431.96,548.57,97.22
2025-01-23,m5,produce,4485.6,1557.95,542.32
2025-01-23,m5,meat,4121.0,1179.53,456.46
2025-01-23,m5,seafood,1434.9,421.78,177.62
2025-01-23,m5,deli,2986.11,1358.98,528.26
2025-01-23,m5,bakery,1994.21,976.94,320.92
2025-01-23,m5,grocery,12069.08,2712.09,732.68
2025-01-23,m5,dairy,3706.68,877.28,183.99
2025-01-23,m5,frozen,2542.59,698.05,129.85
2025-01-23,m5,floral,745.9,366.87,105.66
2025-01-23,m5,hba,1962.03,723.58,134.62
2025-01-23,m6,produce,5360.67,1854.33,667.31
2025-01-23,m6,meat,4773.72,1330.53,519.92
2025-01-23,m6,seafood,1585.77,468.65,189.79
2025-01-23,m6,deli,3277.33,1503.49,585.07
2025-01-23,m6,bakery,2140.75,1071.12,346.97
2025-01-23,m6,grocery,13184.46,2878.69,800.39
2025-01-23,m6,dairy,4069.23,964.81,197.08
2025-01-23,m6,frozen,2823.16,784.59,142.75
2025-01-23,m6,floral,898.34,425.02,127.89
2025-01-23,m6,hba,2231.08,837.57,151.8
2025-01-24,m1,produce,6781.03,2430.28,833.61
2025-01-24,m1,meat,6926.93,1951.18,771.75
2025-01-24,m1,seafood,2401.81,730.11,291.8
2025-01-24,m1,deli,3962.45,1757.36,708.59
2025-01-24,m1,bakery,2624.41,1275.62,426.9
2025-01-24,m1,grocery,14108.47,3046.12,861.85
2025-01-24,m1,dairy,4300.63,1034.3,219.93
2025-01-24,m1,frozen,3600.78,982.24,180.14
2025-01-24,m1,floral,1098.3,537.96,158.39
2025-01-24,m1,hba,2283.94,846.94,155.12
2025-01-24,m2,produce,5479.31,1953.24,671.35
2025-01-24,m2,meat,5533.96,1566.22,600.73
2025-01-24,m2,seafood,1922.94,571.87,235.26
2025-01-24,m2,deli,3146.57,1440.43,558.74
2025-01-24,m2,bakery,2201.94,1087.36,362.21
2025-01-24,m2,grocery,11871.35,2669.11,717.04
2025-01-24,m2,dairy,3926.98,918.23,202.47
2025-01-24,m2,frozen,2941.24,811.64,145.67
2025-01-24,m2,floral,884.19,413.05,127.29
2025-01-24,m2,hba,1932.57,721.17,134.3
2025-01-24,m3,produce,7649.24,2742.55,914.79
2025-01-24,m3,meat,7590.2,2152.76,853.55
2025-01-24,m3,seafood,2709.67,819.29,316.75
2025-01-24,m3,deli,4399.25,1920.83,777.52
2025-01-24,m3,bakery,3131.89,1534.81,511.71
2025-01-24,m3,grocery,16091.91,3596.2,933.69
2025-01-24,m3,dairy,5145.19,1244.74,255.27
2025-01-24,m3,frozen,4164.29,1116.49,200.51
2025-01-24,m3,floral,1184.17,564.07,159.34
2025-01-24,m3,hba,2664.81,1032.87,181.92
2025-01-24,m4,produce,4705.7,1659.51,553.34
2025-01-24,m4,meat,4797.62,1330.79,512.07
2025-01-24,m4,seafood,1632.19,492.26,190.64
2025-01-24,m4,deli,2727.84,1212.66,482.79
2025-01-24,m4,bakery,1900.17,955.58,300.08
2025-01-24,m4,grocery,10185.71,2307.47,603.45
2025-01-24,m4,dairy,3220.69,766.44,157.02
2025-01-24,m4,frozen,2530.61,700.41,125.55
2025-01-24,m4,floral,722.96,351.75,98.23
2025-01-24,m4,hba,1690.07,645.68,115.17
2025-01-24,m5,produce,6191.67,2186.66,715.5
2025-01-24,m5,meat,6627.96,1828.64,731.1
2025-01-24,m5,seafood,2140.04,661.07,260.13
2025-01-24,m5,deli,3641.0,1591.24,665.33
2025-01-24,m5,bakery,2500.38,1241.21,401.57
2025-01-24,m5,grocery,13273.11,2859.31,808.82
2025-01-24,m5,dairy,4257.03,1009.5,215.6
2025-01-24,m5,frozen,3340.52,889.49,168.44
2025-01-24,m5,floral,971.95,475.79,131.77
2025-01-24,m5,hba,2290.24,850.33,155.37
2025-01-24,m6,produce,6662.86,2289.84,780.34
2025-01-24,m6,meat,6892.49,1932.58,740.08
2025-01-24,m6,seafood,2527.52,748.95,292.13
2025-01-24,m6,deli,3961.96,1751.61,737.86
2025-01-24,m6,bakery,2739.56,1328.91,444.35
2025-01-24,m6,grocery,15306.38,3435.13,930.8
2025-01-24,m6,dairy,4481.65,1049.14,224.29
2025-01-24,m6,frozen,3714.34,978.88,182.09
2025-01-24,m6,floral,1084.74,535.94,149.39
2025-01-24,m6,hba,2468.28,915.42,168.28
2025-01-25,m1,produce,8664.48,2994.46,1064.82
2025-01-25,m1,meat,8796.93,2498.39,936.31
2025-01-25,m1,seafood,3025.1,882.8,373.23
2025-01-25,m1,deli,4795.41,2115.27,853.34
2025-01-25,m1,bakery,3868.38,1948.33,637.68
2025-01-25,m1,grocery,16124.86,3614.51,942.95
2025-01-25,m1,dairy,5255.46,1296.3,257.98
2025-01-25,m1,frozen,4275.71,1178.73,218.91
2025-01-25,m1,floral,1316.86,643.35,178.65
2025-01-25,m1,hba,2886.54,1067.84,209.21
2025-01-25,m2,produce,7457.42,2596.95,901.39
2025-01-25,m2,meat,7850.44,2221.65,841.53
2025-01-25,m2,seafood,2476.47,736.64,285.97
2025-01-25,m2,deli,4084.57,1875.39,763.07
2025-01-25,m2,bakery,3186.53,1633.45,494.06
2025-01-25,m2,grocery,14160.96,3030.54,833.45
2025-01-25,m2,dairy,4428.09,1075.79,224.56
2025-01-25,m2,frozen,3774.72,1023.86,189.72
2025-01-25,m2,floral,1155.62,560.35,159.69
2025-01-25,m2,hba,2411.91,927.56,163.37
2025-01-25,m3,produce,10614.13,3658.9,1257.98
2025-01-25,m3,meat,10491.32,2917.28,1185.35
2025-01-25,m3,seafood,3411.09,1053.28,394.74
2025-01-25,m3,deli,5503.9,2425.77,1018.35
2025-01-25,m3,bakery,4634.04,2368.38,716.23
2025-01-25,m3,grocery,19314.29,4183.08,1202.44
2025-01-25,m3,dairy,5829.87,1375.89,294.84
2025-01-25,m3,frozen,4925.8,1308.82,245.48
2025-01-25,m3,floral,1537.13,735.52,221.34
2025-01-25,m3,hba,3238.42,1202.45,226.64
2025-01-25,m4,produce,6455.47,2205.55,769.22
2025-01-25,m4,meat,6311.24,1714.15,671.52
2025-01-25,m4,seafood,2085.78,630.2,246.38
2025-01-25,m4,deli,3305.59,1461.35,603.17
2025-01-25,m4,bakery,2847.55,1412.1,439.36
2025-01-25,m4,grocery,11440.33,2509.99,689.72
2025-01-25,m4,dairy,3760.19,900.99,190.37
2025-01-25,m4,frozen,3092.97,815.76,157.86
2025-01-25,m4,floral,883.01,419.81,126.88
2025-01-25,m4,hba,2073.74,778.19,145.42
2025-01-25,m5,produce,8803.04,2997.09,1027.98
2025-01-25,m5,meat,8210.38,2328.82,919.15
2025-01-25,m5,seafood,2691.4,812.79,314.9
2025-01-25,m5,deli,4675.26,2090.35,838.66
2025-01-25,m5,bakery,3802.07,1925.76,589.24
2025-01-25,m5,grocery,15832.04,3572.21,975.57
2025-01-25,m5,dairy,5087.51,1240.94,253.37
2025-01-25,m5,frozen,4173.99,1157.82,202.6
2025-01-25,m5,floral,1232.52,592.69,166.32
2025-01-25,m5,hba,2806.53,1088.16,196.19
2025-01-25,m6,produce,9544.88,3425.13,1115.81
2025-01-25,m6,meat,9487.02,2693.1,1012.55
2025-01-25,m6,seafood,3061.54,924.0,378.63
2025-01-25,m6,deli,4956.29,2214.9,926.35
2025-01-25,m6,bakery,4257.25,2162.14,668.82
2025-01-25,m6,grocery,18467.75,4177.6,1103.88
2025-01-25,m6,dairy,5369.19,1281.86,272.76
2025-01-25,m6,frozen,4654.22,1241.48,236.46
2025-01-25,m6,floral,1411.56,686.16,204.5
2025-01-25,m6,hba,3011.96,1124.01,212.93
2025-01-26,m1,produce,7275.75,2522.88,885.13
2025-01-26,m1,meat,6655.75,1880.39,758.98
2025-01-26,m1,seafood,1888.07,573.02,223.35
2025-01-26,m1,deli,3629.5,1618.79,652.28
2025-01-26,m1,bakery,3385.56,1709.76,538.11
2025-01-26,m1,grocery,15311.75,3437.58,902.97
2025-01-26,m1,dairy,4882.2,1193.4,244.55
2025-01-26,m1,frozen,3295.85,870.94,167.04
2025-01-26,m1,floral,915.35,445.96,124.67
2025-01-26,m1,hba,2462.75,921.84,177.07
2025-01-26,m2,produce,6437.07,2225.28,788.12
2025-01-26,m2,meat,5145.14,1467.78,547.97
2025-01-26,m2,seafood,1663.28,506.15,205.42
2025-01-26,m2,deli,3286.25,1484.25,579.11
2025-01-26,m2,bakery,2938.78,1495.74,462.22
2025-01-26,m2,grocery,12909.1,2912.67,767.58
2025-01-26,m2,dairy,4193.75,1035.23,206.54
2025-01-26,m2,frozen,2956.43,774.91,144.88
2025-01-26,m2,floral,811.79,396.23,117.02
2025-01-26,m2,hba,2209.56,860.36,157.2
2025-01-26,m3,produce,8672.25,3081.75,1044.55
2025-01-26,m3,meat,7378.11,2100.1,841.74
2025-01-26,m3,seafood,2125.76,625.39,258.82
2025-01-26,m3,deli,4204.99,1855.21,757.74
2025-01-26,m3,bakery,3818.61,1901.12,613.74
2025-01-26,m3,grocery,16546.97,3658.68,973.36
2025-01-26,m3,dairy,5334.15,1296.3,259.34
2025-01-26,m3,frozen,3841.33,1026.12,185.17
2025-01-26,m3,floral,1132.14,547.2,160.55
2025-01-26,m3,hba,2891.18,1103.44,200.08
2025-01-26,m4,produce,5349.72,1851.94,627.58
2025-01-26,m4,meat,4304.54,1174.04,473.69
2025-01-26,m4,seafood,1310.03,393.88,152.07
2025-01-26,m4,deli,2568.6,1135.99,456.13
2025-01-26,m4,bakery,2320.51,1140.66,378.79
2025-01-26,m4,grocery,10490.88,2376.77,645.75
2025-01-26,m4,dairy,3461.75,806.33,175.43
2025-01-26,m4,frozen,2408.92,666.19,121.54
2025-01-26,m4,floral,668.57,329.75,94.97
2025-01-26,m4,hba,1729.97,673.79,125.41
2025-01-26,m5,produce,6979.24,2448.63,822.96
2025-01-26,m5,meat,6280.73,1792.59,683.97
2025-01-26,m5,seafood,1847.26,552.37,213.58
2025-01-26,m5,deli,3728.76,1646.98,671.92
2025-01-26,m5,bakery,3336.87,1635.14,553.39
2025-01-26,m5,grocery,14248.23,3041.95,825.18
2025-01-26,m5,dairy,4558.77,1112.06,234.59
2025-01-26,m5,frozen,3262.19,859.86,163.6
2025-01-26,m5,floral,914.66,451.58,130.87
2025-01-26,m5,hba,2425.66,946.07,173.15
2025-01-26,m6,produce,7532.78,2630.02,891.76
2025-01-26,m6,meat,6392.57,1742.05,719.73
2025-01-26,m6,seafood,1993.21,600.65,233.97
2025-01-26,m6,deli,3867.74,1728.79,703.45
2025-01-26,m6,bakery,3506.26,1702.31,568.78
2025-01-26,m6,grocery,15743.12,3492.87,953.53
2025-01-26,m6,dairy,5081.06,1225.72,258.14
2025-01-26,m6,frozen,3477.84,963.13,168.41
2025-01-26,m6,floral,1019.28,483.42,137.98
2025-01-26,m6,hba,2712.36,1026.84,188.27
2025-01-27,m1,produce,4696.86,1647.2,547.23
2025-01-27,m1,meat,3831.07,1091.85,422.96
2025-01-27,m1,seafood,1023.54,300.5,124.57
2025-01-27,m1,deli,3057.13,1400.06,560.38
2025-01-27,m1,bakery,1992.58,1023.16,320.18
2025-01-27,m1,grocery,12657.51,2721.7,729.38
2025-01-27,m1,dairy,4013.64,965.42,207.86
2025-01-27,m1,frozen,2638.36,722.97,136.18
2025-01-27,m1,floral,602.02,287.46,85.27
2025-01-27,m1,hba,2122.78,790.25,145.28
2025-01-27,m2,produce,4136.73,1421.3,483.75
2025-01-27,m2,meat,3390.95,969.53,383.49
2025-01-27,m2,seafood,867.7,268.03,103.8
2025-01-27,m2,deli,2507.61,1114.25,435.75
2025-01-27,m2,bakery,1646.53,834.41,263.18
2025-01-27,m2,grocery,10518.97,2262.55,638.99
2025-01-27,m2,dairy,3243.79,784.09,167.38
2025-01-27,m2,frozen,2245.6,604.52,113.33
2025-01-27,m2,floral,509.73,245.91,71.74
2025-01-27,m2,hba,1777.68,668.07,123.72
2025-01-27,m3,produce,5147.31,1774.12,603.92
2025-01-27,m3,meat,4561.1,1272.21,515.37
2025-01-27,m3,seafood,1084.14,329.79,134.03
2025-01-27,m3,deli,3363.34,1500.67,595.98
2025-01-27,m3,bakery,2332.91,1143.76,376.45
2025-01-27,m3,grocery,14971.21,3364.56,872.4
2025-01-27,m3,dairy,4589.16,1085.75,236.55
2025-01-27,m3,frozen,2963.49,779.76,142.47
2025-01-27,m3,floral,703.81,328.33,99.18
2025-01-27,m3,hba,2415.0,922.66,174.55
2025-01-27,m4,produce,3313.38,1162.71,413.47
2025-01-27,m4,meat,2703.74,769.55,294.22
2025-01-27,m4,seafood,666.01,203.07,81.41
2025-01-27,m4,deli,2011.93,903.45,362.45
2025-01-27,m4,bakery,1398.15,699.17,226.62
2025-01-27,m4,grocery,9118.37,2042.94,552.09
2025-01-27,m4,dairy,2689.67,646.07,133.9
2025-01-27,m4,frozen,1823.2,505.52,92.32
2025-01-27,m4,floral,448.12,218.14,62.65
2025-01-27,m4,hba,1463.13,546.61,102.32
2025-01-27,m5,produce,4278.09,1485.6,494.59
2025-01-27,m5,meat,3571.73,1024.55,388.53
2025-01-27,m5,seafood,926.77,277.27,107.18
2025-01-27,m5,deli,2922.79,1301.37,534.68
2025-01-27,m5,bakery,1921.38,979.69,315.66
2025-01-27,m5,grocery,11675.74,2575.5,682.27
2025-01-27,m5,dairy,3834.49,912.84,194.08
2025-01-27,m5,frozen,2642.13,714.09,130.8
2025-01-27,m5,floral,604.65,290.52,83.66
2025-01-27,m5,hba,2088.17,792.88,145.96
2025-01-27,m6,produce,4996.09,1748.82,582.21
2025-01-27,m6,meat,3930.96,1072.74,437.37
2025-01-27,m6,seafood,997.8,293.72,118.42
2025-01-27,m6,deli,3149.3,1384.73,554.65
2025-01-27,m6,bakery,2185.04,1106.96,349.09
2025-01-27,m6,grocery,13189.6,2851.34,769.93
2025-01-27,m6,dairy,4313.13,1005.49,207.77
2025-01-27,m6,frozen,2846.23,752.86,143.79
2025-01-27,m6,floral,612.56,295.3,82.71
2025-01-27,m6,hba,2172.31,809.63,157.64
2025-01-28,m1,produce,4323.54,1519.01,498.84
2025-01-28,m1,meat,3562.49,1007.18,385.09
2025-01-28,m1,seafood,937.98,280.54,116.99
2025-01-28,m1,deli,2789.76,1230.58,515.43
2025-01-28,m1,bakery,1853.22,942.99,304.12
2025-01-28,m1,grocery,11250.22,2498.76,662.3
2025-01-28,m1,dairy,3751.7,891.91,186.89
2025-01-28,m1,frozen,2489.02,661.14,123.31
2025-01-28,m1,floral,528.87,249.32,76.17
2025-01-28,m1,hba,1957.88,740.42,133.21
2025-01-28,m2,produce,3491.95,1220.41,422.88
2025-01-28,m2,meat,2826.48,804.89,311.0
2025-01-28,m2,seafood,799.93,239.72,93.15
2025-01-28,m2,deli,2310.95,1060.36,429.18
2025-01-28,m2,bakery,1602.38,808.36,256.83
2025-01-28,m2,grocery,9748.86,2086.0,586.33
2025-01-28,m2,dairy,3034.64,741.52,155.25
2025-01-28,m2,frozen,2071.77,562.37,105.59
2025-01-28,m2,floral,480.09,233.16,65.05
2025-01-28,m2,hba,1602.57,608.14,109.78
2025-01-28,m3,produce,5099.92,1761.76,630.44
2025-01-28,m3,meat,3972.23,1091.47,444.26
2025-01-28,m3,seafood,1157.86,348.98,134.7
2025-01-28,m3,deli,2942.05,1336.2,537.52
2025-01-28,m3,bakery,2071.08,1026.98,322.22
2025-01-28,m3,grocery,13565.4,2940.27,837.04
2025-01-28,m3,dairy,4187.59,996.92,205.62
2025-01-28,m3,frozen,2887.91,791.66,143.39
2025-01-28,m3,floral,650.94,312.12,90.19
2025-01-28,m3,hba,2262.94,847.21,155.96
2025-01-28,m4,produce,2950.06,1045.25,360.68
2025-01-28,m4,meat,2526.8,714.27,283.46
2025-01-28,m4,seafood,681.3,206.84,79.54
2025-01-28,m4,deli,1829.86,818.52,325.12
2025-01-28,m4,bakery,1290.8,653.03,209.94
2025-01-28,m4,grocery,7857.96,1776.94,452.82
2025-01-28,m4,dairy,2463.57,578.67,127.38
2025-01-28,m4,frozen,1715.51,451.07,83.87
2025-01-28,m4,floral,369.11,172.26,51.2
2025-01-28,m4,hba,1436.29,549.52,100.71
2025-01-28,m5,produce,4153.01,1462.06,516.13
2025-01-28,m5,meat,3417.71,965.01,374.11
2025-01-28,m5,seafood,901.86,273.1,110.85
2025-01-28,m5,deli,2501.67,1094.25,453.88
2025-01-28,m5,bakery,1745.74,858.82,271.93
2025-01-28,m5,grocery,10526.74,2279.65,606.35
2025-01-28,m5,dairy,3366.55,832.06,172.09
2025-01-28,m5,frozen,2308.92,619.49,116.24
2025-01-28,m5,floral,523.82,255.01,70.8
2025-01-28,m5,hba,1782.98,668.77,128.1
2025-01-28,m6,produce,4681.6,1623.63,582.61
2025-01-28,m6,meat,3578.45,1008.36,384.01
2025-01-28,m6,seafood,1071.59,322.92,126.13
2025-01-28,m6,deli,2799.22,1229.91,486.62
2025-01-28,m6,bakery,1886.82,968.71,309.21
2025-01-28,m6,grocery,12758.09,2870.12,784.66
2025-01-28,m6,dairy,3881.76,942.48,201.32
2025-01-28,m6,frozen,2606.37,715.12,133.0
2025-01-28,m6,floral,604.59,289.49,84.38
2025-01-28,m6,hba,2072.72,765.3,140.64
2025-01-29,m1,produce,4505.46,1589.56,562.03
2025-01-29,m1,meat,3941.81,1085.82,427.21
2025-01-29,m1,seafood,1278.85,384.04,147.44
2025-01-29,m1,deli,3033.06,1344.26,528.17
2025-01-29,m1,bakery,2053.24,1046.4,317.38
2025-01-29,m1,grocery,13131.24,2884.81,778.64
2025-01-29,m1,dairy,4131.97,977.93,213.99
2025-01-29,m1,frozen,2740.19,758.05,137.0
2025-01-29,m1,floral,652.52,317.64,94.08
2025-01-29,m1,hba,2057.95,768.07,141.17
2025-01-29,m2,produce,4050.21,1388.31,470.73
2025-01-29,m2,meat,3430.63,970.71,382.3
2025-01-29,m2,seafood,1051.51,320.45,126.6
2025-01-29,m2,deli,2381.0,1070.31,432.72
2025-01-29,m2,bakery,1714.15,882.03,282.97
2025-01-29,m2,grocery,11094.54,2439.45,691.47
2025-01-29,m2,dairy,3519.5,833.54,172.06
2025-01-29,m2,frozen,2304.82,605.65,118.0
2025-01-29,m2,floral,570.58,274.55,79.9
2025-01-29,m2,hba,1782.95,685.09,121.56
2025-01-29,m3,produce,5673.52,2009.35,678.65
2025-01-29,m3,meat,4538.56,1233.57,487.69
2025-01-29,m3,seafood,1418.01,420.95,171.7
2025-01-29,m3,deli,3294.76,1486.96,580.58
2025-01-29,m3,bakery,2314.27,1164.98,366.31
2025-01-29,m3,grocery,14474.64,3129.11,882.42
2025-01-29,m3,dairy,4513.13,1106.18,221.68
2025-01-29,m3,frozen,2995.49,790.88,150.68
2025-01-29,m3,floral,752.64,352.59,103.43
2025-01-29,m3,hba,2373.72,898.35,164.58
2025-01-29,m4,produce,3179.63,1143.53,370.86
2025-01-29,m4,meat,2794.18,767.19,307.35
2025-01-29,m4,seafood,898.63,275.24,107.98
2025-01-29,m4,deli,2100.2,961.27,371.99
2025-01-29,m4,bakery,1421.51,713.65,225.59
2025-01-29,m4,grocery,8979.64,1923.37,552.3
2025-01-29,m4,dairy,2776.12,671.46,138.25
2025-01-29,m4,frozen,1852.5,496.0,93.07
2025-01-29,m4,floral,491.25,232.37,66.13
2025-01-29,m4,hba,1427.87,554.55,103.65
2025-01-29,m5,produce,4338.97,1525.56,526.89
2025-01-29,m5,meat,3559.87,1013.53,387.05
2025-01-29,m5,seafood,1182.11,354.37,144.54
2025-01-29,m5,deli,2897.43,1294.54,512.63
2025-01-29,m5,bakery,1942.53,950.57,302.54
2025-01-29,m5,grocery,12326.77,2685.43,747.37
2025-01-29,m5,dairy,3803.51,931.95,183.65
2025-01-29,m5,frozen,2469.97,656.02,121.69
2025-01-29,m5,floral,625.76,296.17,88.62
2025-01-29,m5,hba,1968.04,745.38,141.76
2025-01-29,m6,produce,4876.9,1715.82,607.02
2025-01-29,m6,meat,4031.97,1107.54,426.6
2025-01-29,m6,seafood,1313.55,397.9,163.18
2025-01-29,m6,deli,3144.18,1379.23,550.87
2025-01-29,m6,bakery,2034.97,990.86,335.46
2025-01-29,m6,grocery,13281.62,2838.92,790.33
2025-01-29,m6,dairy,4284.59,1002.59,210.16
2025-01-29,m6,frozen,2728.06,743.42,140.61
2025-01-29,m6,floral,692.9,327.55,95.33
2025-01-29,m6,hba,2254.28,837.67,162.07
2025-01-30,m1,produce,4895.02,1730.07,604.34
2025-01-30,m1,meat,4566.7,1276.85,521.43
2025-01-30,m1,seafood,1596.54,472.42,190.74
2025-01-30,m1,deli,3329.5,1516.04,583.83
2025-01-30,m1,bakery,2223.14,1120.31,359.57
2025-01-30,m1,grocery,12668.74,2791.05,768.61
2025-01-30,m1,dairy,3899.55,927.31,195.6
2025-01-30,m1,frozen,3003.99,808.25,148.59
2025-01-30,m1,floral,835.64,396.38,112.31
2025-01-30,m1,hba,2186.98,848.4,151.18
2025-01-30,m2,produce,4353.17,1478.66,540.02
2025-01-30,m2,meat,4127.34,1154.06,436.18
2025-01-30,m2,seafood,1342.17,397.65,157.6
2025-01-30,m2,deli,2569.94,1147.71,459.32
2025-01-30,m2,bakery,1882.74,935.43,293.12
2025-01-30,m2,grocery,10953.68,2393.86,650.83
2025-01-30,m2,dairy,3298.85,788.03,161.51
2025-01-30,m2,frozen,2543.44,703.62,130.3
2025-01-30,m2,floral,741.21,351.18,105.79
2025-01-30,m2,hba,1857.75,702.26,133.72
2025-01-30,m3,produce,5720.16,1976.78,693.94
2025-01-30,m3,meat,5408.07,1493.56,600.73
2025-01-30,m3,seafood,1771.51,516.13,204.92
2025-01-30,m3,deli,3669.99,1620.38,639.58
2025-01-30,m3,bakery,2473.47,1252.7,402.95
2025-01-30,m3,grocery,14089.63,3034.75,844.94
2025-01-30,m3,dairy,4499.23,1067.61,230.35
2025-01-30,m3,frozen,3519.37,948.16,180.07
2025-01-30,m3,floral,967.92,474.18,140.4
2025-01-30,m3,hba,2329.89,900.0,157.5
2025-01-30,m4,produce,3585.31,1231.68,441.99
2025-01-30,m4,meat,3356.78,958.41,358.08
2025-01-30,m4,seafood,1142.91,337.71,140.12
2025-01-30,m4,deli,2213.42,1010.24,383.55
2025-01-30,m4,bakery,1535.13,780.04,246.04
2025-01-30,m4,grocery,9236.56,2028.73,562.24
2025-01-30,m4,dairy,2730.37,648.33,137.93
2025-01-30,m4,frozen,1947.19,539.54,97.52
2025-01-30,m4,floral,584.56,282.92,79.87
2025-01-30,m4,hba,1541.59,598.59,105.48
2025-01-30,m5,produce,4691.44,1655.1,555.07
2025-01-30,m5,meat,4268.67,1179.17,455.27
2025-01-30,m5,seafood,1554.26,452.54,179.68
2025-01-30,m5,deli,3106.81,1395.99,563.53
2025-01-30,m5,bakery,2064.68,1006.91,321.3
2025-01-30,m5,grocery,11470.15,2541.4,711.93
2025-01-30,m5,dairy,3964.14,958.54,191.23
2025-01-30,m5,frozen,2809.44,767.71,143.75
2025-01-30,m5,floral,782.96,369.79,113.84
2025-01-30,m5,hba,2072.23,799.58,148.6
2025-01-30,m6,produce,5361.01,1841.79,653.06
2025-01-30,m6,meat,4811.13,1317.59,546.1
2025-01-30,m6,seafood,1667.14,498.27,196.77
2025-01-30,m6,deli,3404.98,1503.72,597.53
2025-01-30,m6,bakery,2276.53,1154.14,357.7
2025-01-30,m6,grocery,13655.57,3078.93,822.91
2025-01-30,m6,dairy,3994.03,938.73,196.44
2025-01-30,m6,frozen,2988.48,800.46,143.46
2025-01-30,m6,floral,911.42,434.31,124.39
2025-01-30,m6,hba,2118.98,822.45,151.6
2025-01-31,m1,produce,6670.69,2365.7,810.62
2025-01-31,m1,meat,6999.08,1946.51,771.38
2025-01-31,m1,seafood,2445.69,735.97,296.14
2025-01-31,m1,deli,3844.63,1744.71,670.47
2025-01-31,m1,bakery,2758.46,1343.37,453.19
2025-01-31,m1,grocery,13987.09,3146.12,819.22
2025-01-31,m1,dairy,4580.08,1072.76,230.3
2025-01-31,m1,frozen,3708.55,1010.8,185.81
2025-01-31,m1,floral,1122.99,531.14,155.54
2025-01-31,m1,hba,2472.21,915.25,179.01
2025-01-31,m2,produce,5652.59,1977.39,699.46
2025-01-31,m2,meat,5677.21,1618.33,602.55
2025-01-31,m2,seafood,2091.41,643.92,249.28
2025-01-31,m2,deli,3283.39,1496.0,606.31
2025-01-31,m2,bakery,2284.48,1110.76,352.95
2025-01-31,m2,grocery,12104.01,2733.92,753.0
2025-01-31,m2,dairy,3741.7,910.14,187.56
2025-01-31,m2,frozen,2955.0,799.1,144.78
2025-01-31,m2,floral,947.43,446.01,135.28
2025-01-31,m2,hba,2061.71,764.91,145.92
2025-01-31,m3,produce,7765.17,2711.08,944.14
2025-01-31,m3,meat,8324.65,2284.3,892.3
2025-01-31,m3,seafood,2785.54,827.51,325.12
2025-01-31,m3,deli,4725.52,2119.21,840.55
2025-01-31,m3,bakery,3106.38,1598.99,490.05
2025-01-31,m3,grocery,16489.29,3685.15,983.86
2025-01-31,m3,dairy,5393.95,1302.97,271.06
2025-01-31,m3,frozen,4008.04,1099.42,207.23
2025-01-31,m3,floral,1234.82,609.13,172.15
2025-01-31,m3,hba,2784.28,1072.39,202.43
2025-01-31,m4,produce,4840.64,1696.01,603.81
2025-01-31,m4,meat,4783.64,1323.37,514.49
2025-01-31,m4,seafood,1773.32,516.73,218.28
2025-01-31,m4,deli,2791.82,1239.43,504.69
2025-01-31,m4,bakery,1937.3,993.41,301.41
2025-01-31,m4,grocery,9697.38,2114.95,565.01
2025-01-31,m4,dairy,3168.08,764.09,155.02
2025-01-31,m4,frozen,2589.65,682.08,128.44
2025-01-31,m4,floral,802.78,390.75,114.4
2025-01-31,m4,hba,1762.56,656.63,126.59
2025-01-31,m5,produce,6630.5,2331.29,821.61
2025-01-31,m5,meat,6686.4,1849.77,749.08
2025-01-31,m5,seafood,2341.7,684.74,271.02
2025-01-31,m5,deli,3819.09,1702.91,704.88
2025-01-31,m5,bakery,2592.65,1324.93,427.09
2025-01-31,m5,grocery,13421.5,2979.8,811.88
2025-01-31,m5,dairy,4144.56,1011.25,205.28
2025-01-31,m5,frozen,3341.96,877.49,167.63
2025-01-31,m5,floral,1009.14,484.46,138.12
2025-01-31,m5,hba,2219.52,855.14,154.03
2025-01-31,m6,produce,7152.97,2517.83,858.68
2025-01-31,m6,meat,7117.07,1967.64,776.26
2025-01-31,m6,seafood,2474.13,723.65,298.59
2025-01-31,m6,deli,3924.54,1755.36,682.97
2025-01-31,m6,bakery,2890.2,1468.84,448.76
2025-01-31,m6,grocery,14694.22,3244.23,880.8
2025-01-31,m6,dairy,4889.45,1152.07,246.74
2025-01-31,m6,frozen,3856.07,1025.29,186.2
2025-01-31,m6,floral,1187.86,564.13,171.94
2025-01-31,m6,hba,2463.19,945.66,171.37
2025-02-01,m1,produce,9275.34,3211.45,1121.4
2025-02-01,m1,meat,8853.6,2449.98,1011.89
2025-02-01,m1,seafood,3093.4,955.31,369.49
2025-02-01,m1,deli,4719.29,2065.69,871.09
2025-02-01,m1,bakery,3915.16,1942.76,639.34
2025-02-01,m1,grocery,18044.66,3877.5,1044.1
2025-02-01,m1,dairy,5751.25,1415.64,296.05
2025-02-01,m1,frozen,4628.44,1213.22,235.01
2025-02-01,m1,floral,1293.16,618.86,174.13
2025-02-01,m1,hba,2850.12,1085.52,194.78
2025-02-01,m2,produce,8024.1,2767.77,961.58
2025-02-01,m2,meat,8083.19,2214.59,903.29
2025-02-01,m2,seafood,2474.0,745.9,300.76
2025-02-01,m2,deli,3968.84,1750.65,702.05
2025-02-01,m2,bakery,3530.14,1777.56,544.63
2025-02-01,m2,grocery,15044.61,3212.18,894.64
2025-02-01,m2,dairy,4571.53,1120.35,231.5
2025-02-01,m2,frozen,3951.0,1035.99,203.36
2025-02-01,m2,floral,1160.73,548.16,160.95
2025-02-01,m2,hba,2614.14,969.51,180.29
2025-02-01,m3,produce,11228.19,3937.31,1313.58
2025-02-01,m3,meat,10690.98,2985.93,1216.12
2025-02-01,m3,seafood,3348.27,989.26,402.74
2025-02-01,m3,deli,5532.82,2473.85,968.58
2025-02-01,m3,bakery,4570.71,2265.05,738.64
2025-02-01,m3,grocery,19515.52,4416.61,1171.05
2025-02-01,m3,dairy,6527.19,1578.35,336.25
2025-02-01,m3,frozen,5358.94,1474.25,257.86
2025-02-01,m3,floral,1555.78,736.92,211.74
2025-02-01,m3,hba,3509.96,1346.34,237.59
2025-02-01,m4,produce,6515.09,2343.3,788.84
2025-02-01,m4,meat,6588.81,1814.69,709.71
2025-02-01,m4,seafood,2066.17,637.35,256.07
2025-02-01,m4,deli,3366.34,1518.69,591.73
2025-02-01,m4,bakery,2723.34,1365.05,446.2
2025-02-01,m4,grocery,12643.25,2749.64,771.04
2025-02-01,m4,dairy,3862.08,906.61,200.76
2025-02-01,m4,frozen,3288.77,869.06,170.13
2025-02-01,m4,floral,981.11,465.77,137.98
2025-02-01,m4,hba,2147.06,797.2,148.1
2025-02-01,m5,produce,9286.97,3294.73,1138.1
2025-02-01,m5,meat,9166.8,2553.47,1001.19
2025-02-01,m5,seafood,2888.41,889.08,357.54
2025-02-01,m5,deli,4849.32,2152.58,892.37
2025-02-01,m5,bakery,3683.77,1807.05,601.78
2025-02-01,m5,grocery,16743.74,3632.09,1010.01
2025-02-01,m5,dairy,5088.24,1201.55,258.23
2025-02-01,m5,frozen,4200.66,1146.98,209.64
2025-02-01,m5,floral,1278.48,617.53,182.02
2025-02-01,m5,hba,2753.62,1068.48,192.62
2025-02-01,m6,produce,9530.65,3274.34,1100.88
2025-02-01,m6,meat,10018.9,2723.66,1081.79
2025-02-01,m6,seafood,3182.83,968.74,396.86
2025-02-01,m6,deli,5269.63,2309.6,980.94
2025-02-01,m6,bakery,4444.01,2270.95,710.47
2025-02-01,m6,grocery,17980.83,3945.71,1057.0
2025-02-01,m6,dairy,5724.38,1336.08,291.61
2025-02-01,m6,frozen,4652.77,1242.15,234.71
2025-02-01,m6,floral,1446.99,698.46,202.99
2025-02-01,m6,hba,3198.15,1236.22,224.24
2025-02-02,m1,produce,7668.52,2736.64,886.54
2025-02-02,m1,meat,6911.08,1937.27,753.87
2025-02-02,m1,seafood,2003.05,603.0,240.68
2025-02-02,m1,deli,3965.2,1736.09,701.81
2025-02-02,m1,bakery,3450.42,1704.98,566.54
2025-02-02,m1,grocery,15433.27,3379.52,934.38
2025-02-02,m1,dairy,4674.64,1123.05,227.04
2025-02-02,m1,frozen,3706.25,997.79,188.61
2025-02-02,m1,floral,940.66,459.07,136.31
2025-02-02,m1,hba,2660.55,988.89,184.95
2025-02-02,m2,produce,6517.77,2237.27,787.78
2025-02-02,m2,meat,5715.91,1571.83,626.47
2025-02-02,m2,seafood,1621.9,492.17,200.97
2025-02-02,m2,deli,3425.59,1561.71,598.04
2025-02-02,m2,bakery,2848.74,1420.05,450.8
2025-02-02,m2,grocery,13200.55,2883.92,810.48
2025-02-02,m2,dairy,4163.54,1026.22,206.16
2025-02-02,m2,frozen,3013.29,826.68,155.63
2025-02-02,m2,floral,837.19,405.7,113.93
2025-02-02,m2,hba,2299.77,857.07,163.71
2025-02-02,m3,produce,8790.42,3041.48,1077.52
2025-02-02,m3,meat,7531.59,2124.84,803.13
2025-02-02,m3,seafood,2167.67,638.71,262.67
2025-02-02,m3,deli,4390.04,1970.62,812.68
2025-02-02,m3,bakery,4026.29,1953.45,663.93
2025-02-02,m3,grocery,17350.11,3837.37,1038.98
2025-02-02,m3,dairy,5575.91,1304.45,281.03
2025-02-02,m3,frozen,4020.74,1088.68,202.96
2025-02-02,m3,floral,1131.77,553.85,152.73
2025-02-02,m3,hba,2895.23,1110.31,195.15
2025-02-02,m4,produce,5584.92,1974.31,688.31
2025-02-02,m4,meat,4516.31,1296.46,478.87
2025-02-02,m4,seafood,1358.55,399.7,165.27
2025-02-02,m4,deli,2770.28,1260.95,502.44
2025-02-02,m4,bakery,2510.28,1230.85,400.21
2025-02-02,m4,grocery,10930.85,2467.04,634.5
2025-02-02,m4,dairy,3356.07,799.1,166.18
2025-02-02,m4,frozen,2402.94,645.96,120.63
2025-02-02,m4,floral,670.77,314.91,95.37
2025-02-02,m4,hba,1785.36,679.54,125.22
2025-02-02,m5,produce,7463.87,2629.92,867.67
2025-02-02,m5,meat,6399.07,1805.6,731.33
2025-02-02,m5,seafood,1856.14,563.15,230.47
2025-02-02,m5,deli,3899.17,1732.22,707.96
2025-02-02,m5,bakery,3250.89,1627.92,540.74
2025-02-02,m5,grocery,14503.4,3119.86,874.56
2025-02-02,m5,dairy,4657.11,1126.55,232.72
2025-02-02,m5,frozen,3299.39,896.68,167.72
2025-02-02,m5,floral,974.14,453.6,131.19
2025-02-02,m5,hba,2510.01,931.94,180.59
2025-02-02,m6,produce,8333.48,3004.04,993.14
2025-02-02,m6,meat,6798.91,1910.6,756.11
2025-02-02,m6,seafood,1954.46,575.83,230.44
2025-02-02,m6,deli,4229.03,1881.11,761.63
2025-02-02,m6,bakery,3595.81,1744.63,583.88
2025-02-02,m6,grocery,16009.75,3569.57,969.5
2025-02-02,m6,dairy,4895.3,1152.01,241.45
2025-02-02,m6,frozen,3706.23,1011.04,191.48
2025-02-02,m6,floral,1057.98,512.27,147.9
2025-02-02,m6,hba,2774.69,1079.19,194.8
2025-02-03,m1,produce,4657.19,1621.6,569.71
2025-02-03,m1,meat,3849.63,1064.92,431.08
2025-02-03,m1,seafood,923.64,277.69,108.25
2025-02-03,m1,deli,2875.38,1317.18,533.63
2025-02-03,m1,bakery,1912.41,983.15,300.61
2025-02-03,m1,grocery,11538.09,2612.04,699.29
2025-02-03,m1,dairy,3953.73,952.94,195.94
2025-02-03,m1,frozen,2612.4,720.78,133.25
2025-02-03,m1,floral,600.2,284.89,80.88
2025-02-03,m1,hba,2021.28,767.95,138.52
2025-02-03,m2,produce,3830.78,1377.03,449.26
2025-02-03,m2,meat,3103.5,848.76,349.17
2025-02-03,m2,seafood,822.07,252.74,98.21
2025-02-03,m2,deli,2285.57,1027.44,411.4
2025-02-03,m2,bakery,1598.59,819.61,260.53
2025-02-03,m2,grocery,10314.1,2306.61,601.19
2025-02-03,m2,dairy,3370.22,824.49,174.42
2025-02-03,m2,frozen,2238.47,591.07,113.93
2025-02-03,m2,floral,497.88,242.05,69.83
2025-02-03,m2,hba,1647.08,642.13,117.02
2025-02-03,m3,produce,5256.98,1794.36,629.17
2025-02-03,m3,meat,4089.12,1146.37,455.52
2025-02-03,m3,seafood,1061.86,320.04,125.51
2025-02-03,m3,deli,3373.77,1501.88,592.34
2025-02-03,m3,bakery,2182.09,1079.21,347.49
2025-02-03,m3,grocery,13389.19,2883.64,788.8
2025-02-03,m3,dairy,4183.15,1011.36,209.39
2025-02-03,m3,frozen,2888.61,772.92,142.33
2025-02-03,m3,floral,652.1,316.85,89.71
2025-02-03,m3,hba,2284.84,845.9,161.39
2025-02-03,m4,produce,3118.89,1087.92,363.19
2025-02-03,m4,meat,2599.74,735.59,276.96
2025-02-03,m4,seafood,629.31,187.96,73.58
2025-02-03,m4,deli,1995.1,902.79,368.78
2025-02-03,m4,bakery,1385.66,697.67,218.38
2025-02-03,m4,grocery,8742.94,1948.02,531.75
2025-02-03,m4,dairy,2684.94,662.7,136.99
2025-02-03,m4,frozen,1805.22,476.64,92.52
2025-02-03,m4,floral,428.97,205.51,59.84
2025-02-03,m4,hba,1453.52,559.3,101.46
2025-02-03,m5,produce,4186.73,1441.07,516.92
2025-02-03,m5,meat,3579.95,1027.22,390.39
2025-02-03,m5,seafood,911.8,276.25,111.94
2025-02-03,m5,deli,2784.42,1249.48,482.36
2025-02-03,m5,bakery,1839.23,911.42,293.36
2025-02-03,m5,grocery,11121.76,2486.12,672.88
2025-02-03,m5,dairy,3496.37,819.14,179.26
2025-02-03,m5,frozen,2531.33,676.32,128.08
2025-02-03,m5,floral,575.06,276.57,79.87
2025-02-03,m5,hba,1920.14,734.94,134.93
2025-02-03,m6,produce,4980.35,1730.97,590.03
2025-02-03,m6,meat,4033.82,1135.64,453.81
2025-02-03,m6,seafood,981.67,299.58,118.22
2025-02-03,m6,deli,2885.96,1311.35,501.93
2025-02-03,m6,bakery,2125.67,1067.56,339.74
2025-02-03,m6,grocery,12828.06,2815.89,773.08
2025-02-03,m6,dairy,4143.23,975.06,214.72
2025-02-03,m6,frozen,2600.21,685.57,133.28
2025-02-03,m6,floral,634.29,302.25,88.76
2025-02-03,m6,hba,2175.07,806.22,156.12
2025-02-04,m1,produce,4276.33,1532.93,518.75
2025-02-04,m1,meat,3184.77,872.84,340.49
2025-02-04,m1,seafood,943.95,281.31,113.98
2025-02-04,m1,deli,2509.01,1141.35,445.0
2025-02-04,m1,bakery,1776.78,910.42,279.84
2025-02-04,m1,grocery,11669.83,2557.31,727.22
2025-02-04,m1,dairy,3473.81,813.17,166.86
2025-02-04,m1,frozen,2487.5,667.76,120.67
2025-02-04,m1,floral,518.42,246.89,72.86
2025-02-04,m1,hba,1797.91,691.54,129.08
2025-02-04,m2,produce,3450.11,1233.71,426.12
2025-02-04,m2,meat,2774.04,786.15,302.56
2025-02-04,m2,seafood,785.31,233.94,93.34
2025-02-04,m2,deli,2209.52,1003.98,396.91
2025-02-04,m2,bakery,1452.97,721.45,240.37
2025-02-04,m2,grocery,9821.17,2115.84,612.72
2025-02-04,m2,dairy,3050.46,716.05,147.3
2025-02-04,m2,frozen,1918.65,524.92,95.83
2025-02-04,m2,floral,447.07,220.91,60.51
2025-02-04,m2,hba,1622.46,613.42,113.17
2025-02-04,m3,produce,4871.22,1715.61,581.07
2025-02-04,m3,meat,3731.73,1045.48,412.2
2025-02-04,m3,seafood,1076.75,320.22,125.96
2025-02-04,m3,deli,3007.05,1359.5,556.29
2025-02-04,m3,bakery,1975.63,987.92,313.85
2025-02-04,m3,grocery,12909.92,2817.51,804.23
2025-02-04,m3,dairy,4085.74,992.63,197.96
2025-02-04,m3,frozen,2722.9,743.58,132.25
2025-02-04,m3,floral,622.79,307.61,90.56
2025-02-04,m3,hba,2224.67,843.59,150.47
2025-02-04,m4,produce,2994.19,1022.09,358.51
2025-02-04,m4,meat,2403.35,691.53,255.44
2025-02-04,m4,seafood,667.51,203.83,78.9
2025-02-04,m4,deli,1730.42,771.38,318.42
2025-02-04,m4,bakery,1231.22,616.08,196.51
2025-02-04,m4,grocery,8004.99,1752.75,498.0
2025-02-04,m4,dairy,2543.8,602.79,122.46
2025-02-04,m4,frozen,1730.7,474.28,88.11
2025-02-04,m4,floral,372.88,174.27,52.09
2025-02-04,m4,hba,1273.81,471.03,92.66
2025-02-04,m5,produce,4031.86,1421.68,475.57
2025-02-04,m5,meat,3051.75,854.78,345.13
2025-02-04,m5,seafood,874.1,256.45,103.05
2025-02-04,m5,deli,2546.35,1112.46,444.1
2025-02-04,m5,bakery,1621.62,815.28,252.22
2025-02-04,m5,grocery,10559.08,2365.9,621.44
2025-02-04,m5,dairy,3419.64,819.97,175.08
2025-02-04,m5,frozen,2335.09,624.53,112.87
2025-02-04,m5,floral,485.0,238.86,66.02
2025-02-04,m5,hba,1787.18,699.24,127.81
2025-02-04,m6,produce,4209.46,1468.02,510.69
2025-02-04,m6,meat,3418.17,970.55,371.34
2025-02-04,m6,seafood,1002.11,305.24,116.56
2025-02-04,m6,deli,2626.83,1174.89,465.32
2025-02-04,m6,bakery,1898.2,963.48,304.5
2025-02-04,m6,grocery,11592.12,2581.73,694.11
2025-02-04,m6,dairy,3573.73,876.75,171.71
2025-02-04,m6,frozen,2597.13,699.07,131.71
2025-02-04,m6,floral,581.44,282.16,78.41
2025-02-04,m6,hba,2058.65,788.74,149.36
2025-02-05,m1,produce,4497.69,1613.68,555.2
2025-02-05,m1,meat,3663.34,1011.4,390.02
2025-02-05,m1,seafood,1194.41,355.98,146.46
2025-02-05,m1,deli,2893.33,1320.3,524.5
2025-02-05,m1,bakery,1881.61,931.63,305.64
2025-02-05,m1,grocery,11718.15,2585.36,712.81
2025-02-05,m1,dairy,3949.63,920.15,191.13
2025-02-05,m1,frozen,2485.26,668.84,121.47
2025-02-05,m1,floral,632.92,298.21,85.23
2025-02-05,m1,hba,1955.65,762.7,138.61
2025-02-05,m2,produce,3978.43,1430.09,482.68
2025-02-05,m2,meat,3231.97,884.32,365.65
2025-02-05,m2,seafood,962.81,291.55,119.23
2025-02-05,m2,deli,2415.42,1117.4,448.55
2025-02-05,m2,bakery,1681.98,828.54,268.4
2025-02-05,m2,grocery,10738.61,2382.17,666.1
2025-02-05,m2,dairy,3176.74,759.08,163.96
2025-02-05,m2,frozen,2258.96,603.46,109.89
2025-02-05,m2,floral,526.47,256.91,73.02
2025-02-05,m2,hba,1704.02,630.43,123.63
2025-02-05,m3,produce,5085.31,1773.51,609.83
2025-02-05,m3,meat,4467.12,1259.07,478.74
2025-02-05,m3,seafood,1351.62,396.82,165.68
2025-02-05,m3,deli,3155.04,1431.98,586.65
2025-02-05,m3,bakery,2280.02,1112.88,352.34
2025-02-05,m3,grocery,14020.8,3038.42,837.61
2025-02-05,m3,dairy,4570.57,1073.83,231.09
2025-02-05,m3,frozen,3104.75,846.56,152.34
2025-02-05,m3,floral,758.87,373.1,106.88
2025-02-05,m3,hba,2348.28,915.9,164.26
2025-02-05,m4,produce,3149.74,1125.17,386.46
2025-02-05,m4,meat,2681.78,752.71,283.27
2025-02-05,m4,seafood,860.77,263.16,103.14
2025-02-05,m4,deli,1989.4,918.6,354.05
2025-02-05,m4,bakery,1383.28,687.52,223.67
2025-02-05,m4,grocery,8862.75,1901.92,533.24
2025-02-05,m4,dairy,2799.32,654.93,139.51
2025-02-05,m4,frozen,1859.71,506.57,90.58
2025-02-05,m4,floral,432.0,205.92,58.98
2025-02-05,m4,hba,1455.15,566.11,102.92
2025-02-05,m5,produce,4241.61,1447.58,514.4
2025-02-05,m5,meat,3621.84,992.21,388.62
2025-02-05,m5,seafood,1142.0,344.51,136.92
2025-02-05,m5,deli,2564.66,1156.91,454.54
2025-02-05,m5,bakery,1850.04,943.57,294.81
2025-02-05,m5,grocery,12070.58,2581.76,698.51
2025-02-05,m5,dairy,3736.2,872.09,181.1
2025-02-05,m5,frozen,2533.87,691.01,126.27
2025-02-05,m5,floral,625.54,307.0,85.12
2025-02-05,m5,hba,1952.27,760.77,131.6
2025-02-05,m6,produce,4584.59,1619.42,548.88
2025-02-05,m6,meat,4074.54,1109.78,455.42
2025-02-05,m6,seafood,1189.44,349.81,137.59
2025-02-05,m6,deli,2907.06,1331.23,521.44
2025-02-05,m6,bakery,1970.75,990.76,323.34
2025-02-05,m6,grocery,12210.53,2685.86,750.17
2025-02-05,m6,dairy,3901.81,953.54,193.94
2025-02-05,m6,frozen,2801.8,778.37,142.09
2025-02-05,m6,floral,667.35,329.47,94.0
2025-02-05,m6,hba,2063.15,799.82,147.81
2025-02-06,m1,produce,5070.81,1784.7,600.49
2025-02-06,m1,meat,4300.25,1178.15,469.82
2025-02-06,m1,seafood,1559.15,469.24,186.18
2025-02-06,m1,deli,3188.45,1395.26,555.55
2025-02-06,m1,bakery,2190.81,1102.79,358.32
2025-02-06,m1,grocery,11519.27,2532.26,663.86
2025-02-06,m1,dairy,3700.28,866.17,187.26
2025-02-06,m1,frozen,2911.88,782.26,149.17
2025-02-06,m1,floral,845.82,410.68,115.63
2025-02-06,m1,hba,2067.35,786.68,143.7
2025-02-06,m2,produce,4383.2,1544.29,506.53
2025-02-06,m2,meat,3677.73,1029.76,419.12
2025-02-06,m2,seafood,1316.29,401.58,156.03
2025-02-06,m2,deli,2470.74,1094.2,431.12
2025-02-06,m2,bakery,1805.11,880.66,285.63
2025-02-06,m2,grocery,10558.48,2328.4,619.28
2025-02-06,m2,dairy,3337.25,808.6,163.88
2025-02-06,m2,frozen,2309.91,634.78,117.21
2025-02-06,m2,floral,732.67,351.14,99.92
2025-02-06,m2,hba,1762.5,651.39,124.8
2025-02-06,m3,produce,5559.2,1938.09,658.26
2025-02-06,m3,meat,5297.09,1506.18,561.39
2025-02-06,m3,seafood,1800.78,554.01,210.49
2025-02-06,m3,deli,3617.41,1626.38,631.13
2025-02-06,m3,bakery,2531.05,1282.33,407.97
2025-02-06,m3,grocery,13679.21,2955.03,832.36
2025-02-06,m3,dairy,4319.62,1054.06,212.98
2025-02-06,m3,frozen,3094.34,847.39,159.3
2025-02-06,m3,floral,935.1,441.33,130.61
2025-02-06,m3,hba,2341.01,910.43,159.22
2025-02-06,m4,produce,3606.16,1258.75,428.84
2025-02-06,m4,meat,3015.08,855.36,335.16
2025-02-06,m4,seafood,1121.3,330.38,130.54
2025-02-06,m4,deli,2181.93,955.93,381.33
2025-02-06,m4,bakery,1534.2,765.19,239.02
2025-02-06,m4,grocery,8341.39,1877.65,504.63
2025-02-06,m4,dairy,2753.46,666.3,138.9
2025-02-06,m4,frozen,1897.62,526.81,97.58
2025-02-06,m4,floral,552.53,270.9,77.29
2025-02-06,m4,hba,1497.93,572.34,107.68
2025-02-06,m5,produce,4589.62,1628.54,561.16
2025-02-06,m5,meat,4138.71,1146.83,458.15
2025-02-06,m5,seafood,1509.6,455.37,176.06
2025-02-06,m5,deli,2926.76,1277.93,547.06
2025-02-06,m5,bakery,1918.88,957.75,313.62
2025-02-06,m5,grocery,10964.0,2416.58,656.75
2025-02-06,m5,dairy,3739.92,914.88,186.28
2025-02-06,m5,frozen,2594.13,702.87,124.65
2025-02-06,m5,floral,800.34,394.53,108.76
2025-02-06,m5,hba,1897.35,727.38,128.47
2025-02-06,m6,produce,5176.8,1790.66,631.32
2025-02-06,m6,meat,4861.24,1381.34,514.39
2025-02-06,m6,seafood,1598.34,487.32,197.54
2025-02-06,m6,deli,3180.79,1456.25,566.61
2025-02-06,m6,bakery,2215.19,1116.46,364.65
2025-02-06,m6,grocery,12165.23,2739.53,720.16
2025-02-06,m6,dairy,3826.41,914.25,187.8
2025-02-06,m6,frozen,3074.89,832.33,157.37
2025-02-06,m6,floral,889.42,416.19,128.31
2025-02-06,m6,hba,2191.26,810.44,158.85
2025-02-07,m1,produce,6702.08,2400.33,779.22
2025-02-07,m1,meat,6614.54,1865.31,719.77
2025-02-07,m1,seafood,2276.12,685.24,263.67
2025-02-07,m1,deli,3842.81,1698.63,718.34
2025-02-07,m1,bakery,2577.4,1258.82,411.67
2025-02-07,m1,grocery,14581.44,3223.34,907.02
2025-02-07,m1,dairy,4282.95,1043.02,209.44
2025-02-07,m1,frozen,3399.53,905.06,172.43
2025-02-07,m1,floral,1035.04,483.8,143.11
2025-02-07,m1,hba,2349.27,894.15,159.49
2025-02-07,m2,produce,5716.46,2022.17,687.78
2025-02-07,m2,meat,5580.57,1573.9,628.59
2025-02-07,m2,seafood,2088.69,638.22,259.48
2025-02-07,m2,deli,3060.44,1409.58,549.02
2025-02-07,m2,bakery,2155.14,1103.3,338.99
2025-02-07,m2,grocery,12414.98,2667.28,731.55
2025-02-07,m2,dairy,3823.21,917.37,196.9
2025-02-07,m2,frozen,2938.87,799.55,144.51
2025-02-07,m2,floral,942.09,453.33,128.01
2025-02-07,m2,hba,1968.98,745.69,139.42
2025-02-07,m3,produce,7417.16,2527.93,916.53
2025-02-07,m3,meat,7503.97,2157.52,834.99
2025-02-07,m3,seafood,2681.5,796.86,325.54
2025-02-07,m3,deli,4253.44,1924.77,777.68
2025-02-07,m3,bakery,3147.62,1568.64,495.73
2025-02-07,m3,grocery,15472.04,3462.94,903.94
2025-02-07,m3,dairy,4950.86,1187.08,256.87
2025-02-07,m3,frozen,4074.94,1070.35,201.35
2025-02-07,m3,floral,1212.06,570.14,175.45
2025-02-07,m3,hba,2762.69,1036.3,200.71
2025-02-07,m4,produce,4767.39,1687.89,579.7
2025-02-07,m4,meat,4530.63,1248.63,480.08
2025-02-07,m4,seafood,1616.56,474.1,190.27
2025-02-07,m4,deli,2551.68,1152.56,442.21
2025-02-07,m4,bakery,1818.69,900.83,288.03
2025-02-07,m4,grocery,9816.61,2115.93,579.65
2025-02-07,m4,dairy,3217.49,767.78,160.87
2025-02-07,m4,frozen,2329.6,627.41,114.8
2025-02-07,m4,floral,704.31,342.91,102.35
2025-02-07,m4,hba,1618.97,622.79,113.09
2025-02-07,m5,produce,6126.16,2201.28,763.41
2025-02-07,m5,meat,6416.39,1758.55,709.49
2025-02-07,m5,seafood,2325.82,695.32,283.32
2025-02-07,m5,deli,3658.65,1685.92,639.56
2025-02-07,m5,bakery,2527.06,1248.98,401.15
2025-02-07,m5,grocery,13721.97,3009.05,796.48
2025-02-07,m5,dairy,4003.95,969.1,201.53
2025-02-07,m5,frozen,3186.76,882.92,156.51
2025-02-07,m5,floral,957.68,460.75,133.49
2025-02-07,m5,hba,2273.23,842.44,159.28
2025-02-07,m6,produce,6705.05,2321.11,811.37
2025-02-07,m6,meat,7352.04,2109.02,799.74
2025-02-07,m6,seafood,2383.17,730.13,283.0
2025-02-07,m6,deli,3901.96,1733.19,694.0
2025-02-07,m6,bakery,2911.6,1488.5,450.49
2025-02-07,m6,grocery,15000.62,3289.09,935.51
2025-02-07,m6,dairy,4772.16,1130.79,244.44
2025-02-07,m6,frozen,3793.27,1019.5,195.68
2025-02-07,m6,floral,1071.5,517.01,145.04
2025-02-07,m6,hba,2397.96,909.84,172.79
2025-02-08,m1,produce,9497.93,3237.73,1181.7
2025-02-08,m1,meat,9168.5,2503.79,1001.23
2025-02-08,m1,seafood,3062.5,914.04,369.14
2025-02-08,m1,deli,4803.94,2194.88,839.59
2025-02-08,m1,bakery,3759.76,1866.55,604.15
2025-02-08,m1,grocery,15994.35,3587.64,985.35
2025-02-08,m1,dairy,5189.36,1249.88,258.71
2025-02-08,m1,frozen,4108.87,1076.28,201.54
2025-02-08,m1,floral,1352.89,662.41,188.99
2025-02-08,m1,hba,2866.44,1114.91,199.32
2025-02-08,m2,produce,7692.35,2722.67,904.23
2025-02-08,m2,meat,7309.37,2019.27,835.83
2025-02-08,m2,seafood,2391.24,727.94,288.81
2025-02-08,m2,deli,4025.49,1851.51,732.01
2025-02-08,m2,bakery,3291.49,1664.93,510.61
2025-02-08,m2,grocery,14265.24,3152.53,879.56
2025-02-08,m2,dairy,4347.49,1015.76,214.24
2025-02-08,m2,frozen,3804.69,1004.8,185.11
2025-02-08,m2,floral,1074.8,513.41,155.43
2025-02-08,m2,hba,2365.0,887.37,165.94
2025-02-08,m3,produce,10870.2,3807.74,1332.23
2025-02-08,m3,meat,9954.84,2719.54,1117.16
2025-02-08,m3,seafood,3396.52,1041.73,418.24
2025-02-08,m3,deli,5510.86,2450.29,1006.67
2025-02-08,m3,bakery,4547.97,2218.84,732.33
2025-02-08,m3,grocery,19899.11,4249.86,1195.68
2025-02-08,m3,dairy,6009.83,1441.05,296.65
2025-02-08,m3,frozen,5163.62,1360.92,251.05
2025-02-08,m3,floral,1446.47,681.32,208.94
2025-02-08,m3,hba,3283.29,1272.46,230.3
2025-02-08,m4,produce,6360.37,2232.96,778.89
2025-02-08,m4,meat,6016.11,1680.52,639.35
2025-02-08,m4,seafood,2124.08,653.41,254.47
2025-02-08,m4,deli,3231.46,1442.17,596.42
2025-02-08,m4,bakery,2823.05,1419.79,461.21
2025-02-08,m4,grocery,11547.82,2572.52,666.75
2025-02-08,m4,dairy,3821.76,901.94,196.54
2025-02-08,m4,frozen,2911.08,773.1,141.19
2025-02-08,m4,floral,872.23,408.08,123.98
2025-02-08,m4,hba,2032.24,752.68,145.38
2025-02-08,m5,produce,8825.73,3004.22,1025.86
2025-02-08,m5,meat,8741.45,2449.58,927.66
2025-02-08,m5,seafood,2687.15,794.2,311.27
2025-02-08,m5,deli,4544.68,2076.34,836.52
2025-02-08,m5,bakery,3842.48,1887.28,634.53
2025-02-08,m5,grocery,15421.62,3362.53,895.01
2025-02-08,m5,dairy,5202.41,1281.68,269.46
2025-02-08,m5,frozen,4034.95,1067.25,201.76
2025-02-08,m5,floral,1257.28,594.15,177.01
2025-02-08,m5,hba,2574.35,982.84,173.2
2025-02-08,m6,produce,9240.89,3174.45,1089.56
2025-02-08,m6,meat,9763.54,2739.88,1114.68
2025-02-08,m6,seafood,2963.76,873.87,355.77
2025-02-08,m6,deli,5042.91,2251.13,914.21
2025-02-08,m6,bakery,4051.14,2081.2,631.63
2025-02-08,m6,grocery,17344.22,3788.17,1016.87
2025-02-08,m6,dairy,5406.39,1267.39,280.8
2025-02-08,m6,frozen,4358.14,1149.18,211.56
2025-02-08,m6,floral,1394.21,677.44,196.08
2025-02-08,m6,hba,2827.99,1063.55,191.87
2025-02-09,m1,produce,7250.06,2552.8,856.92
2025-02-09,m1,meat,6633.7,1851.19,732.85
2025-02-09,m1,seafood,1842.6,564.57,215.61
2025-02-09,m1,deli,3602.02,1654.08,647.1
2025-02-09,m1,bakery,3412.38,1673.36,567.76
2025-02-09,m1,grocery,14886.8,3197.51,888.78
2025-02-09,m1,dairy,4779.62,1118.55,232.16
2025-02-09,m1,frozen,3416.06,927.35,165.36
2025-02-09,m1,floral,981.02,484.39,132.56
2025-02-09,m1,hba,2628.59,989.19,185.4
2025-02-09,m2,produce,6607.91,2260.42,814.4
2025-02-09,m2,meat,5503.56,1520.52,615.73
2025-02-09,m2,seafood,1612.81,477.25,198.02
2025-02-09,m2,deli,3245.43,1451.7,583.05
2025-02-09,m2,bakery,2878.88,1431.19,460.05
2025-02-09,m2,grocery,12384.33,2768.36,719.76
2025-02-09,m2,dairy,3899.56,935.74,196.98
2025-02-09,m2,frozen,2825.64,744.59,136.23
2025-02-09,m2,floral,765.32,371.28,111.19
2025-02-09,m2,hba,2107.91,809.62,143.45
2025-02-09,m3,produce,8625.91,2945.95,1000.04
2025-02-09,m3,meat,7465.23,2123.82,840.41
2025-02-09,m3,seafood,2099.8,636.07,251.78
2025-02-09,m3,deli,4225.46,1883.61,782.47
2025-02-09,m3,bakery,3873.15,1989.16,596.48
2025-02-09,m3,grocery,17014.88,3836.47,1011.39
2025-02-09,m3,dairy,5310.44,1265.05,264.66
2025-02-09,m3,frozen,3782.55,1024.76,194.58
2025-02-09,m3,floral,1060.84,515.5,148.42
2025-02-09,m3,hba,2780.27,1070.18,194.42
2025-02-09,m4,produce,4984.66,1762.95,605.82
2025-02-09,m4,meat,4514.69,1269.59,495.66
2025-02-09,m4,seafood,1364.09,409.39,162.27
2025-02-09,m4,deli,2633.41,1218.52,478.45
2025-02-09,m4,bakery,2312.08,1189.18,364.62
2025-02-09,m4,grocery,9937.35,2126.55,612.31
2025-02-09,m4,dairy,3243.74,789.8,156.05
2025-02-09,m4,frozen,2509.76,671.18,121.45
2025-02-09,m4,floral,648.5,308.62,89.71
2025-02-09,m4,hba,1784.86,667.98,126.42
2025-02-09,m5,produce,7105.03,2547.99,822.97
2025-02-09,m5,meat,5898.21,1635.41,623.87
2025-02-09,m5,seafood,1756.82,525.81,216.95
2025-02-09,m5,deli,3600.15,1659.09,635.93
2025-02-09,m5,bakery,3247.12,1632.13,539.73
2025-02-09,m5,grocery,13981.22,3055.62,843.74
2025-02-09,m5,dairy,4607.59,1079.28,233.61
2025-02-09,m5,frozen,3224.07,870.64,164.62
2025-02-09,m5,floral,879.61,425.12,121.8
2025-02-09,m5,hba,2368.62,899.91,170.41
2025-02-09,m6,produce,8004.36,2858.74,963.28
2025-02-09,m6,meat,6507.4,1772.61,744.23
2025-02-09,m6,seafood,1956.75,577.37,239.37
2025-02-09,m6,deli,3790.95,1741.16,660.25
2025-02-09,m6,bakery,3462.51,1686.31,567.35
2025-02-09,m6,grocery,15605.51,3373.42,958.48
2025-02-09,m6,dairy,5015.14,1189.32,256.86
2025-02-09,m6,frozen,3598.56,973.94,175.61
2025-02-09,m6,floral,978.4,473.15,136.46
2025-02-09,m6,hba,2704.23,1007.91,182.01
2025-02-10,m1,produce,4904.39,1724.45,575.01
2025-02-10,m1,meat,4072.61,1156.9,446.81
2025-02-10,m1,seafood,1026.42,308.53,124.3
2025-02-10,m1,deli,3029.67,1357.93,548.22
2025-02-10,m1,bakery,2054.02,1028.38,325.08
2025-02-10,m1,grocery,12205.69,2628.94,743.2
2025-02-10,m1,dairy,3915.37,936.05,192.93
2025-02-10,m1,frozen,2793.72,734.59,136.37
2025-02-10,m1,floral,609.26,298.12,86.29
2025-02-10,m1,hba,2078.86,794.76,144.42
2025-02-10,m2,produce,3867.36,1328.55,454.64
2025-02-10,m2,meat,3417.09,954.73,377.68
2025-02-10,m2,seafood,830.57,251.37,95.98
2025-02-10,m2,deli,2422.31,1066.26,427.59
2025-02-10,m2,bakery,1776.4,896.65,276.86
2025-02-10,m2,grocery,11132.73,2517.35,667.21
2025-02-10,m2,dairy,3232.85,792.62,156.26
2025-02-10,m2,frozen,2322.11,640.78,119.83
2025-02-10,m2,floral,517.59,246.41,73.37
2025-02-10,m2,hba,1736.94,677.59,123.77
2025-02-10,m3,produce,5247.01,1793.69,641.45
2025-02-10,m3,meat,4670.44,1309.44,527.27
2025-02-10,m3,seafood,1181.79,363.72,139.0
2025-02-10,m3,deli,3523.29,1560.56,615.03
2025-02-10,m3,bakery,2404.09,1189.74,387.25
2025-02-10,m3,grocery,14388.93,3212.74,845.1
2025-02-10,m3,dairy,4559.0,1070.81,222.03
2025-02-10,m3,frozen,3256.23,875.99,159.61
2025-02-10,m3,floral,713.16,342.12,98.84
2025-02-10,m3,hba,2560.31,962.21,178.13
2025-02-10,m4,produce,3373.45,1213.53,417.1
2025-02-10,m4,meat,2843.97,789.77,318.23
2025-02-10,m4,seafood,710.52,207.03,88.45
2025-02-10,m4,deli,2087.04,958.41,380.54
2025-02-10,m4,bakery,1482.41,749.69,242.67
2025-02-10,m4,grocery,8625.39,1903.59,509.63
2025-02-10,m4,dairy,2924.83,696.18,149.89
2025-02-10,m4,frozen,1821.54,502.64,93.68
2025-02-10,m4,floral,425.45,209.24,59.05
2025-02-10,m4,hba,1562.82,585.16,105.81
2025-02-10,m5,produce,4641.18,1598.63,544.04
2025-02-10,m5,meat,3842.4,1102.72,427.11
2025-02-10,m5,seafood,969.7,295.57,115.49
2025-02-10,m5,deli,2672.12,1228.89,493.42
2025-02-10,m5,bakery,2011.77,1004.14,319.64
2025-02-10,m5,grocery,12428.81,2770.0,768.21
2025-02-10,m5,dairy,3916.95,958.36,198.96
2025-02-10,m5,frozen,2570.82,687.95,129.59
2025-02-10,m5,floral,602.21,293.18,83.99
2025-02-10,m5,hba,1928.54,713.15,136.53
2025-02-10,m6,produce,5034.04,1792.68,586.5
2025-02-10,m6,meat,4046.75,1141.81,438.51
2025-02-10,m6,seafood,989.46,290.74,118.89
2025-02-10,m6,deli,3243.28,1488.43,596.08
2025-02-10,m6,bakery,2203.62,1114.09,360.83
2025-02-10,m6,grocery,13044.0,2865.95,797.36
2025-02-10,m6,dairy,4094.52,993.74,210.08
2025-02-10,m6,frozen,2924.69,775.39,145.23
2025-02-10,m6,floral,624.84,306.7,90.59
2025-02-10,m6,hba,2323.28,868.25,168.46
2025-02-11,m1,produce,4484.52,1583.44,543.59
2025-02-11,m1,meat,3645.98,1049.92,391.38
2025-02-11,m1,seafood,1003.22,294.98,119.43
2025-02-11,m1,deli,2685.19,1190.95,467.44
2025-02-11,m1,bakery,1819.57,934.2,282.22
2025-02-11,m1,grocery,11933.42,2615.14,740.06
2025-02-11,m1,dairy,3670.77,890.16,177.94
2025-02-11,m1,frozen,2531.99,670.94,130.27
2025-02-11,m1,floral,568.78,269.54,79.59
2025-02-11,m1,hba,1894.11,735.15,133.65
2025-02-11,m2,produce,3838.21,1325.88,467.11
2025-02-11,m2,meat,2953.61,822.47,315.69
2025-02-11,m2,seafood,818.37,242.0,99.13
2025-02-11,m2,deli,2392.39,1068.15,436.98
2025-02-11,m2,bakery,1560.77,757.46,242.4
2025-02-11,m2,grocery,9750.98,2170.06,593.8
2025-02-11,m2,dairy,3201.54,777.98,163.1
2025-02-11,m2,frozen,2055.82,541.59,99.16
2025-02-11,m2,floral,462.34,218.39,66.84
2025-02-11,m2,hba,1754.87,684.43,127.43
2025-02-11,m3,produce,4996.45,1774.81,577.77
2025-02-11,m3,meat,3929.71,1108.22,425.44
2025-02-11,m3,seafood,1119.03,333.11,139.31
2025-02-11,m3,deli,3128.6,1414.67,552.35
2025-02-11,m3,bakery,2121.3,1088.04,349.67
2025-02-11,m3,grocery,12935.55,2814.63,778.02
2025-02-11,m3,dairy,4089.1,958.82,197.0
2025-02-11,m3,frozen,2744.81,757.63,140.92
2025-02-11,m3,floral,651.92,320.92,89.68
2025-02-11,m3,hba,2347.13,897.95,167.74
2025-02-11,m4,produce,2940.59,1017.66,363.96
2025-02-11,m4,meat,2407.18,694.01,270.37
2025-02-11,m4,seafood,664.39,203.54,80.73
2025-02-11,m4,deli,1949.55,853.78,341.05
2025-02-11,m4,bakery,1255.88,610.45,197.09
2025-02-11,m4,grocery,8343.08,1828.48,520.42
2025-02-11,m4,dairy,2691.77,628.23,133.04
2025-02-11,m4,frozen,1771.61,477.91,88.53
2025-02-11,m4,floral,400.61,196.53,54.4
2025-02-11,m4,hba,1320.84,513.01,90.1
2025-02-11,m5,produce,3951.78,1383.85,465.59
2025-02-11,m5,meat,3458.38,973.32,382.96
2025-02-11,m5,seafood,978.31,293.95,118.06
2025-02-11,m5,deli,2547.72,1117.37,468.43
2025-02-11,m5,bakery,1782.71,912.07,274.42
2025-02-11,m5,grocery,11295.4,2511.92,671.99
2025-02-11,m5,dairy,3535.1,871.39,181.52
2025-02-11,m5,frozen,2273.56,598.43,116.69
2025-02-11,m5,floral,533.9,255.57,77.47
2025-02-11,m5,hba,1886.11,695.47,136.99
2025-02-11,m6,produce,4588.16,1649.3,542.87
2025-02-11,m6,meat,3763.8,1068.68,429.17
2025-02-11,m6,seafood,1039.74,306.52,120.26
2025-02-11,m6,deli,2880.43,1282.44,500.04
2025-02-11,m6,bakery,1853.0,951.62,293.67
2025-02-11,m6,grocery,12138.05,2618.78,755.38
2025-02-11,m6,dairy,4013.77,939.56,206.35
2025-02-11,m6,frozen,2515.26,690.51,123.6
2025-02-11,m6,floral,595.5,288.48,80.84
2025-02-11,m6,hba,2063.3,780.87,147.97
2025-02-12,m1,produce,4642.85,1643.03,540.71
2025-02-12,m1,meat,3957.15,1130.08,435.73
2025-02-12,m1,seafood,1228.0,376.92,147.08
2025-02-12,m1,deli,2968.87,1329.83,545.36
2025-02-12,m1,bakery,2091.39,1052.84,332.86
2025-02-12,m1,grocery,12557.74,2686.52,743.93
2025-02-12,m1,dairy,3980.59,939.53,201.99
2025-02-12,m1,frozen,2611.13,704.81,131.91
2025-02-12,m1,floral,677.77,321.25,94.41
2025-02-12,m1,hba,2217.52,841.52,150.86
2025-02-12,m2,produce,3873.08,1388.35,477.47
2025-02-12,m2,meat,3316.45,917.21,351.61
2025-02-12,m2,seafood,1000.64,292.0,116.31
2025-02-12,m2,deli,2488.9,1092.75,453.77
2025-02-12,m2,bakery,1735.87,855.09,272.29
2025-02-12,m2,grocery,10303.89,2267.32,599.14
2025-02-12,m2,dairy,3450.76,812.26,168.15
2025-02-12,m2,frozen,2274.15,598.67,117.13
2025-02-12,m2,floral,563.06,271.68,78.54
2025-02-12,m2,hba,1841.98,705.15,126.51
2025-02-12,m3,produce,5696.65,2038.25,666.49
2025-02-12,m3,meat,4335.65,1231.98,480.89
2025-02-12,m3,seafood,1466.21,429.47,176.43
2025-02-12,m3,deli,3225.16,1417.94,565.28
2025-02-12,m3,bakery,2327.22,1177.0,383.34
2025-02-12,m3,grocery,15226.74,3370.36,912.63
2025-02-12,m3,dairy,4648.88,1147.46,229.85
2025-02-12,m3,frozen,3164.13,864.07,156.88
2025-02-12,m3,floral,762.18,357.61,102.55
2025-02-12,m3,hba,2355.27,869.01,171.07
2025-02-12,m4,produce,3431.85,1180.19,416.72
2025-02-12,m4,meat,2765.71,771.41,307.3
2025-02-12,m4,seafood,885.45,260.71,104.56
2025-02-12,m4,deli,2057.64,924.49,356.21
2025-02-12,m4,bakery,1372.41,671.89,223.14
2025-02-12,m4,grocery,9266.73,2035.19,572.01
2025-02-12,m4,dairy,2820.45,664.78,141.81
2025-02-12,m4,frozen,1956.29,513.97,93.96
2025-02-12,m4,floral,479.44,233.08,69.7
2025-02-12,m4,hba,1543.52,594.88,108.88
2025-02-12,m5,produce,4520.51,1562.32,541.92
2025-02-12,m5,meat,3692.94,1039.67,409.85
2025-02-12,m5,seafood,1188.68,363.38,142.5
2025-02-12,m5,deli,2862.82,1290.46,512.09
2025-02-12,m5,bakery,1891.41,920.94,312.14
2025-02-12,m5,grocery,11919.18,2618.02,714.85
2025-02-12,m5,dairy,3962.01,942.14,201.23
2025-02-12,m5,frozen,2446.08,652.04,119.29
2025-02-12,m5,floral,632.27,298.61,86.53
2025-02-12,m5,hba,2107.02,792.94,148.7
2025-02-12,m6,produce,5139.55,1815.78,598.55
2025-02-12,m6,meat,4002.91,1135.03,456.52
2025-02-12,m6,seafood,1333.74,404.28,163.05
2025-02-12,m6,deli,3189.47,1461.08,589.93
2025-02-12,m6,bakery,2155.68,1063.77,351.79
2025-02-12,m6,grocery,13505.82,2905.16,790.87
2025-02-12,m6,dairy,4239.28,993.06,210.54
2025-02-12,m6,frozen,2979.85,795.08,145.53
2025-02-12,m6,floral,677.75,315.92,97.78
2025-02-12,m6,hba,2205.31,820.85,158.42
2025-02-13,m1,produce,5366.63,1825.57,621.52
2025-02-13,m1,meat,4638.85,1308.04,494.79
2025-02-13,m1,seafood,1553.97,459.42,184.09
2025-02-13,m1,deli,3149.86,1378.88,584.11
2025-02-13,m1,bakery,2161.26,1058.01,351.06
2025-02-13,m1,grocery,12670.8,2815.92,772.8
2025-02-13,m1,dairy,4165.61,996.02,207.57
2025-02-13,m1,frozen,3029.86,798.97,146.72
2025-02-13,m1,floral,870.01,424.67,126.16
2025-02-13,m1,hba,2199.7,812.92,149.12
2025-02-13,m2,produce,4445.55,1590.56,551.01
2025-02-13,m2,meat,3834.4,1060.24,419.81
2025-02-13,m2,seafood,1359.16,413.44,157.87
2025-02-13,m2,deli,2756.67,1228.19,481.82
2025-02-13,m2,bakery,1946.36,969.63,309.32
2025-02-13,m2,grocery,11042.95,2392.32,678.96
2025-02-13,m2,dairy,3342.0,802.32,161.56
2025-02-13,m2,frozen,2458.55,673.96,121.56
2025-02-13,m2,floral,743.49,349.42,106.2
2025-02-13,m2,hba,1796.96,671.71,128.82
2025-02-13,m3,produce,5886.01,2048.89,703.99
2025-02-13,m3,meat,5561.26,1584.68,604.97
2025-02-13,m3,seafood,1751.35,514.23,201.92
2025-02-13,m3,deli,3788.11,1750.02,659.21
2025-02-13,m3,bakery,2497.48,1284.85,388.87
2025-02-13,m3,grocery,13911.02,3108.02,845.36
2025-02-13,m3,dairy,4659.43,1145.27,224.73
2025-02-13,m3,frozen,3413.59,933.47,172.87
2025-02-13,m3,floral,991.53,470.1,137.73
2025-02-13,m3,hba,2494.68,951.03,171.89
2025-02-13,m4,produce,3701.8,1327.44,426.73
2025-02-13,m4,meat,3197.88,896.9,363.6
2025-02-13,m4,seafood,1141.05,341.21,133.7
2025-02-13,m4,deli,2247.23,1028.75,409.42
2025-02-13,m4,bakery,1579.48,808.11,258.41
2025-02-13,m4,grocery,8771.37,1894.65,517.93
2025-02-13,m4,dairy,2667.12,633.75,135.76
2025-02-13,m4,frozen,2100.08,554.3,109.14
2025-02-13,m4,floral,589.33,275.97,82.85
2025-02-13,m4,hba,1494.71,576.75,101.78
2025-02-13,m5,produce,4673.27,1664.75,564.94
2025-02-13,m5,meat,4322.91,1230.33,484.14
2025-02-13,m5,seafood,1592.09,466.46,184.32
2025-02-13,m5,deli,2997.75,1359.27,533.31
2025-02-13,m5,bakery,2007.0,1012.59,311.48
2025-02-13,m5,grocery,11775.94,2627.53,703.91
2025-02-13,m5,dairy,3978.7,972.38,206.72
2025-02-13,m5,frozen,2801.55,774.32,141.51
2025-02-13,m5,floral,820.19,395.95,113.45
2025-02-13,m5,hba,1980.6,765.49,141.02
2025-02-13,m6,produce,5514.6,1954.93,662.79
2025-02-13,m6,meat,4781.04,1324.86,529.38
2025-02-13,m6,seafood,1732.14,515.32,201.17
2025-02-13,m6,deli,3426.96,1572.52,596.22
2025-02-13,m6,bakery,2221.62,1136.7,354.78
2025-02-13,m6,grocery,13212.39,2883.93,794.41
2025-02-13,m6,dairy,4231.93,1016.82,209.82
2025-02-13,m6,frozen,3003.58,810.91,149.26
2025-02-13,m6,floral,898.11,442.24,125.63
2025-02-13,m6,hba,2343.17,907.71,159.36
2025-02-14,m1,produce,6627.28,2348.93,771.69
2025-02-14,m1,meat,7150.2,2045.69,762.49
2025-02-14,m1,seafood,2387.91,715.23,292.2
2025-02-14,m1,deli,4108.38,1834.28,766.24
2025-02-14,m1,bakery,2793.98,1389.33,433.48
2025-02-14,m1,grocery,14702.46,3145.32,857.68
2025-02-14,m1,dairy,4550.55,1124.31,223.95
2025-02-14,m1,frozen,3600.81,989.21,174.89
2025-02-14,m1,floral,1116.27,521.3,161.21
2025-02-14,m1,hba,2554.21,954.04,183.36
2025-02-14,m2,produce,5844.81,1999.33,692.89
2025-02-14,m2,meat,6176.48,1720.86,683.38
2025-02-14,m2,seafood,2103.52,646.21,258.1
2025-02-14,m2,deli,3335.36,1520.73,605.44
2025-02-14,m2,bakery,2412.58,1206.64,384.81
2025-02-14,m2,grocery,12345.91,2707.8,762.46
2025-02-14,m2,dairy,3849.84,940.58,195.03
2025-02-14,m2,frozen,3037.31,806.93,150.59
2025-02-14,m2,floral,944.25,465.7,136.32
2025-02-14,m2,hba,2139.08,819.97,154.12
2025-02-14,m3,produce,8080.6,2840.43,992.65
2025-02-14,m3,meat,8225.05,2311.45,877.52
2025-02-14,m3,seafood,2844.12,837.49,344.54
2025-02-14,m3,deli,4558.52,1996.3,825.14
2025-02-14,m3,bakery,3081.97,1538.75,508.77
2025-02-14,m3,grocery,16149.91,3645.96,944.17
2025-02-14,m3,dairy,5046.26,1231.94,247.17
2025-02-14,m3,frozen,4232.04,1169.23,210.66
2025-02-14,m3,floral,1311.35,633.49,182.15
2025-02-14,m3,hba,2698.69,1047.78,181.7
2025-02-14,m4,produce,4788.43,1667.4,591.14
2025-02-14,m4,meat,4815.26,1328.63,513.35
2025-02-14,m4,seafood,1652.04,485.74,192.6
2025-02-14,m4,deli,2686.28,1179.06,476.06
2025-02-14,m4,bakery,1918.16,940.05,309.72
2025-02-14,m4,grocery,10039.86,2146.11,581.12
2025-02-14,m4,dairy,3191.34,757.65,158.45
2025-02-14,m4,frozen,2479.75,664.53,127.24
2025-02-14,m4,floral,745.09,351.26,106.42
2025-02-14,m4,hba,1735.8,659.33,123.96
2025-02-14,m5,produce,6464.59,2210.35,748.48
2025-02-14,m5,meat,6633.13,1846.92,728.72
2025-02-14,m5,seafood,2314.03,683.12,286.26
2025-02-14,m5,deli,3650.75,1688.52,666.34
2025-02-14,m5,bakery,2560.93,1284.67,419.1
2025-02-14,m5,grocery,13596.85,2974.57,788.66
2025-02-14,m5,dairy,4438.78,1046.35,230.25
2025-02-14,m5,frozen,3382.19,939.78,172.93
2025-02-14,m5,floral,1054.98,504.07,152.56
2025-02-14,m5,hba,2324.36,856.81,162.25
2025-02-14,m6,produce,7466.24,2580.14,929.79
2025-02-14,m6,meat,6989.78,2008.04,767.78
2025-02-14,m6,seafood,2606.75,797.95,309.81
2025-02-14,m6,deli,4069.01,1845.58,737.41
2025-02-14,m6,bakery,2907.17,1413.95,474.05
2025-02-14,m6,grocery,15424.27,3352.75,917.7
2025-02-14,m6,dairy,4657.8,1093.7,233.94
2025-02-14,m6,frozen,3702.68,995.64,186.77
2025-02-14,m6,floral,1214.81,576.75,172.55
2025-02-14,m6,hba,2540.86,951.7,181.46
2025-02-15,m1,produce,9420.7,3246.98,1174.17
2025-02-15,m1,meat,9194.57,2568.27,1019.45
2025-02-15,m1,seafood,2924.42,887.42,355.04
2025-02-15,m1,deli,4672.27,2099.56,868.02
2025-02-15,m1,bakery,4126.68,2052.59,681.15
2025-02-15,m1,grocery,17873.36,3994.06,1075.67
2025-02-15,m1,dairy,5690.69,1377.98,274.92
2025-02-15,m1,frozen,4295.94,1183.02,217.75
2025-02-15,m1,floral,1375.5,654.42,197.39
2025-02-15,m1,hba,3046.88,1147.95,207.77
2025-02-15,m2,produce,8261.23,2925.61,952.36
2025-02-15,m2,meat,7911.52,2273.21,866.41
2025-02-15,m2,seafood,2539.47,739.89,299.4
2025-02-15,m2,deli,4355.68,1943.33,758.3
2025-02-15,m2,bakery,3487.25,1723.03,567.68
2025-02-15,m2,grocery,14493.97,3187.49,860.11
2025-02-15,m2,dairy,4598.91,1130.53,233.75
2025-02-15,m2,frozen,3719.8,986.03,190.77
2025-02-15,m2,floral,1137.43,558.09,160.12
2025-02-15,m2,hba,2506.23,955.33,177.68
2025-02-15,m3,produce,10956.8,3876.84,1321.67
2025-02-15,m3,meat,10276.93,2813.36,1091.13
2025-02-15,m3,seafood,3449.23,1039.11,404.9
2025-02-15,m3,deli,5667.74,2593.67,995.04
2025-02-15,m3,bakery,4748.15,2444.15,771.43
2025-02-15,m3,grocery,20211.18,4380.54,1218.5
2025-02-15,m3,dairy,6332.21,1559.66,320.18
2025-02-15,m3,frozen,5413.13,1422.25,280.16
2025-02-15,m3,floral,1544.55,763.41,212.33
2025-02-15,m3,hba,3453.94,1309.87,239.1
2025-02-15,m4,produce,6797.44,2433.89,797.72
2025-02-15,m4,meat,6394.54,1781.88,700.52
2025-02-15,m4,seafood,2044.79,602.2,237.17
2025-02-15,m4,deli,3466.7,1515.59,635.86
2025-02-15,m4,bakery,2975.4,1480.9,459.86
2025-02-15,m4,grocery,11955.49,2577.26,706.47
2025-02-15,m4,dairy,3921.02,918.27,195.74
2025-02-15,m4,frozen,3252.35,883.01,164.26
2025-02-15,m4,floral,930.86,440.12,126.23
2025-02-15,m4,hba,2011.16,756.94,135.76
2025-02-15,m5,produce,8842.54,3149.5,1098.76
2025-02-15,m5,meat,9120.14,2571.96,1024.41
2025-02-15,m5,seafood,2956.14,891.04,342.97
2025-02-15,m5,deli,4466.05,1953.45,791.88
2025-02-15,m5,bakery,3987.79,1941.86,619.03
2025-02-15,m5,grocery,17338.84,3801.25,1023.81
2025-02-15,m5,dairy,5321.48,1243.88,269.85
2025-02-15,m5,frozen,4307.37,1148.68,213.33
2025-02-15,m5,floral,1232.68,600.63,168.89
2025-02-15,m5,hba,2830.67,1085.96,190.39
2025-02-15,m6,produce,9823.36,3499.07,1214.63
2025-02-15,m6,meat,9926.61,2752.71,1130.15
2025-02-15,m6,seafood,3318.16,992.7,392.71
2025-02-15,m6,deli,5004.2,2198.21,907.62
2025-02-15,m6,bakery,4075.25,2073.01,636.06
2025-02-15,m6,grocery,18527.76,4109.7,1089.99
2025-02-15,m6,dairy,5762.46,1401.63,286.85
2025-02-15,m6,frozen,4611.17,1267.2,222.45
2025-02-15,m6,floral,1393.08,666.1,202.2
2025-02-15,m6,hba,3176.58,1193.43,229.21
2025-02-16,m1,produce,7957.82,2726.31,940.32
2025-02-16,m1,meat,6513.66,1809.47,688.31
2025-02-16,m1,seafood,1983.85,601.52,229.63
2025-02-16,m1,deli,3936.49,1807.05,728.9
2025-02-16,m1,bakery,3476.14,1706.31,542.85
2025-02-16,m1,grocery,16206.95,3626.56,960.09
2025-02-16,m1,dairy,4999.66,1213.94,259.62
2025-02-16,m1,frozen,3641.86,973.34,183.24
2025-02-16,m1,floral,1028.96,497.34,143.12
2025-02-16,m1,hba,2533.9,960.24,181.48
2025-02-16,m2,produce,6281.43,2161.49,723.84
2025-02-16,m2,meat,5469.18,1506.59,607.57
2025-02-16,m2,seafood,1628.19,495.33,202.46
2025-02-16,m2,deli,3287.31,1500.6,577.77
2025-02-16,m2,bakery,2883.9,1484.33,456.36
2025-02-16,m2,grocery,12671.07,2709.03,736.86
2025-02-16,m2,dairy,4092.02,964.08,206.0
2025-02-16,m2,frozen,3146.39,826.28,151.4
2025-02-16,m2,floral,810.65,381.5,116.99
2025-02-16,m2,hba,2277.87,857.27,160.15
2025-02-16,m3,produce,8619.84,2930.32,1062.75
2025-02-16,m3,meat,7922.78,2154.62,883.88
2025-02-16,m3,seafood,2234.49,681.91,259.79
2025-02-16,m3,deli,4721.04,2099.62,832.12
2025-02-16,m3,bakery,4153.66,2096.88,688.04
2025-02-16,m3,grocery,18760.83,4250.63,1160.02
2025-02-16,m3,dairy,5868.65,1371.75,285.09
2025-02-16,m3,frozen,4322.66,1187.77,210.8
2025-02-16,m3,floral,1117.16,532.19,157.65
2025-02-16,m3,hba,3159.68,1182.28,213.15
2025-02-16,m4,produce,5484.02,1883.6,659.95
2025-02-16,m4,meat,4766.48,1320.82,505.57
2025-02-16,m4,seafood,1417.49,434.76,174.88
2025-02-16,m4,deli,2882.56,1327.18,506.79
2025-02-16,m4,bakery,2349.76,1172.81,380.88
2025-02-16,m4,grocery,10425.34,2294.76,638.1
2025-02-16,m4,dairy,3491.92,838.52,174.58
2025-02-16,m4,frozen,2515.1,671.82,124.49
2025-02-16,m4,floral,701.79,341.22,98.21
2025-02-16,m4,hba,1793.2,677.37,129.75
2025-02-16,m5,produce,7419.03,2524.46,870.31
2025-02-16,m5,meat,6100.03,1745.22,665.41
2025-02-16,m5,seafood,1832.26,562.5,221.13
2025-02-16,m5,deli,3899.76,1741.63,704.8
2025-02-16,m5,bakery,3206.57,1563.27,510.77
2025-02-16,m5,grocery,14572.78,3222.16,871.94
2025-02-16,m5,dairy,4727.84,1129.65,235.78
2025-02-16,m5,frozen,3394.4,933.23,167.24
2025-02-16,m5,floral,923.26,434.65,126.5
2025-02-16,m5,hba,2527.55,952.35,171.02
2025-02-16,m6,produce,8410.28,2945.86,1020.83
2025-02-16,m6,meat,7147.14,2052.42,760.93
2025-02-16,m6,seafood,1976.67,576.57,231.51
2025-02-16,m6,deli,4005.08,1783.82,709.54
2025-02-16,m6,bakery,3794.7,1918.25,596.2
2025-02-16,m6,grocery,16685.63,3780.52,1041.06
2025-02-16,m6,dairy,5293.28,1288.67,273.4
2025-02-16,m6,frozen,3600.1,960.33,184.65
2025-02-16,m6,floral,1061.83,506.74,147.54
2025-02-16,m6,hba,2775.6,1064.56,193.86
2025-02-17,m1,produce,4747.85,1626.78,565.07
2025-02-17,m1,meat,3701.84,1052.01,406.37
2025-02-17,m1,seafood,962.98,293.85,117.94
2025-02-17,m1,deli,2948.55,1323.78,543.13
2025-02-17,m1,bakery,1945.94,954.75,318.08
2025-02-17,m1,grocery,12613.57,2726.63,753.79
2025-02-17,m1,dairy,3928.75,935.81,197.66
2025-02-17,m1,frozen,2545.74,705.63,122.29
2025-02-17,m1,floral,619.56,303.36,85.63
2025-02-17,m1,hba,2066.31,793.95,143.52
2025-02-17,m2,produce,4042.55,1418.08,478.36
2025-02-17,m2,meat,3080.67,877.36,350.32
2025-02-17,m2,seafood,788.94,243.11,93.39
2025-02-17,m2,deli,2483.55,1124.5,450.9
2025-02-17,m2,bakery,1747.4,898.87,272.97
2025-02-17,m2,grocery,10398.45,2292.39,608.35
2025-02-17,m2,dairy,3190.1,768.82,158.89
2025-02-17,m2,frozen,2336.12,615.36,113.11
2025-02-17,m2,floral,513.48,239.55,72.97
2025-02-17,m2,hba,1768.67,659.46,119.54
2025-02-17,m3,produce,5567.43,1923.32,653.82
2025-02-17,m3,meat,4446.47,1212.89,471.8
2025-02-17,m3,seafood,1107.72,325.77,136.75
2025-02-17,m3,deli,3287.46,1448.91,573.32
2025-02-17,m3,bakery,2288.77,1142.89,353.57
2025-02-17,m3,grocery,14871.39,3343.49,865.87
2025-02-17,m3,dairy,4359.6,1042.05,221.64
2025-02-17,m3,frozen,3032.94,823.99,156.97
2025-02-17,m3,floral,697.09,334.65,99.04
2025-02-17,m3,hba,2341.83,863.6,159.24
2025-02-17,m4,produce,3097.68,1077.63,380.87
2025-02-17,m4,meat,2670.93,766.27,302.72
2025-02-17,m4,seafood,670.34,202.02,81.97
2025-02-17,m4,deli,1976.24,909.64,354.48
2025-02-17,m4,bakery,1415.91,716.94,222.87
2025-02-17,m4,grocery,8755.98,1962.14,511.7
2025-02-17,m4,dairy,2665.55,655.08,135.76
2025-02-17,m4,frozen,1843.0,509.88,89.82
2025-02-17,m4,floral,423.52,201.99,61.41
2025-02-17,m4,hba,1420.25,551.69,97.62
2025-02-17,m5,produce,4451.96,1538.73,552.03
2025-02-17,m5,meat,3687.08,1046.16,396.4
2025-02-17,m5,seafood,912.79,281.93,110.0
2025-02-17,m5,deli,2875.88,1261.26,501.31
2025-02-17,m5,bakery,1934.07,956.94,308.24
2025-02-17,m5,grocery,11459.8,2522.07,685.51
2025-02-17,m5,dairy,3552.25,862.49,181.16
2025-02-17,m5,frozen,2481.95,680.02,127.63
2025-02-17,m5,floral,564.97,263.22,76.66
2025-02-17,m5,hba,2061.55,775.26,147.18
2025-02-17,m6,produce,4850.96,1653.85,584.37
2025-02-17,m6,meat,3893.07,1119.49,415.91
2025-02-17,m6,seafood,1041.88,318.97,121.73
2025-02-17,m6,deli,2882.63,1266.09,510.33
2025-02-17,m6,bakery,2089.37,1037.84,323.0
2025-02-17,m6,grocery,13329.51,2963.7,777.6
2025-02-17,m6,dairy,4043.01,953.83,194.62
2025-02-17,m6,frozen,2824.8,749.71,143.46
2025-02-17,m6,floral,652.19,318.9,92.34
2025-02-17,m6,hba,2234.65,869.39,155.06
2025-02-18,m1,produce,4125.75,1405.23,475.47
2025-02-18,m1,meat,3518.5,1000.97,400.31
2025-02-18,m1,seafood,949.4,280.35,110.2
2025-02-18,m1,deli,2623.3,1215.14,466.04
2025-02-18,m1,bakery,1747.23,882.47,273.31
2025-02-18,m1,grocery,11853.77,2654.29,730.03
2025-02-18,m1,dairy,3485.72,819.86,173.11
2025-02-18,m1,frozen,2328.59,622.2,117.01
2025-02-18,m1,floral,524.03,247.11,73.61
2025-02-18,m1,hba,2007.32,745.43,137.29
2025-02-18,m2,produce,3524.14,1209.29,419.59
2025-02-18,m2,meat,2857.91,794.89,313.33
2025-02-18,m2,seafood,781.77,238.97,94.94
2025-02-18,m2,deli,2217.96,972.17,390.24
2025-02-18,m2,bakery,1501.91,755.41,249.59
2025-02-18,m2,grocery,9318.28,2054.47,581.04
2025-02-18,m2,dairy,3172.05,746.28,164.43
2025-02-18,m2,frozen,2080.7,578.02,105.67
2025-02-18,m2,floral,467.87,230.94,66.52
2025-02-18,m2,hba,1607.03,615.63,115.95
2025-02-18,m3,produce,4749.27,1697.31,569.1
2025-02-18,m3,meat,3874.02,1091.79,429.04
2025-02-18,m3,seafood,1092.67,330.57,128.31
2025-02-18,m3,deli,3067.2,1420.69,540.29
2025-02-18,m3,bakery,2097.26,1073.6,330.43
2025-02-18,m3,grocery,13442.27,3002.95,814.26
2025-02-18,m3,dairy,3963.81,944.15,194.97
2025-02-18,m3,frozen,2690.14,713.45,129.53
2025-02-18,m3,floral,648.28,313.0,94.0
2025-02-18,m3,hba,2264.26,851.57,155.68
2025-02-18,m4,produce,2986.74,1061.7,359.01
2025-02-18,m4,meat,2512.14,709.65,271.66
2025-02-18,m4,seafood,640.96,196.29,75.88
2025-02-18,m4,deli,1803.1,813.31,335.12
2025-02-18,m4,bakery,1282.73,631.68,208.31
2025-02-18,m4,grocery,8167.54,1808.51,485.41
2025-02-18,m4,dairy,2478.81,592.86,119.04
2025-02-18,m4,frozen,1759.32,462.76,85.8
2025-02-18,m4,floral,383.66,180.2,52.44
2025-02-18,m4,hba,1291.09,493.34,92.77
2025-02-18,m5,produce,4168.61,1435.93,483.35
2025-02-18,m5,meat,3327.14,921.06,372.48
2025-02-18,m5,seafood,890.09,261.84,104.67
2025-02-18,m5,deli,2457.89,1102.62,447.22
2025-02-18,m5,bakery,1673.52,850.88,258.77
2025-02-18,m5,grocery,11358.99,2483.72,663.42
2025-02-18,m5,dairy,3405.11,817.49,173.46
2025-02-18,m5,frozen,2362.43,650.09,120.9
2025-02-18,m5,floral,489.11,233.1,70.41
2025-02-18,m5,hba,1874.06,730.15,132.18
2025-02-18,m6,produce,4263.34,1512.46,501.67
2025-02-18,m6,meat,3583.38,1000.55,390.23
2025-02-18,m6,seafood,1020.23,298.21,118.87
2025-02-18,m6,deli,2767.67,1219.65,485.81
2025-02-18,m6,bakery,1800.65,900.36,293.3
2025-02-18,m6,grocery,11977.92,2702.45,743.99
2025-02-18,m6,dairy,3963.85,944.08,198.03
2025-02-18,m6,frozen,2580.75,700.49,128.1
2025-02-18,m6,floral,541.67,266.58,75.14
2025-02-18,m6,hba,2032.31,758.11,141.54
2025-02-19,m1,produce,4513.77,1618.98,551.28
2025-02-19,m1,meat,3809.42,1065.91,425.36
2025-02-19,m1,seafood,1225.43,370.96,152.07
2025-02-19,m1,deli,2952.35,1308.02,511.63
2025-02-19,m1,bakery,2045.1,1030.58,331.83
2025-02-19,m1,grocery,12612.99,2799.05,742.33
2025-02-19,m1,dairy,3888.53,943.39,190.6
2025-02-19,m1,frozen,2671.01,740.72,137.2
2025-02-19,m1,floral,628.77,306.72,89.04
2025-02-19,m1,hba,2170.0,819.54,152.95
2025-02-19,m2,produce,4090.67,1433.33,478.66
2025-02-19,m2,meat,3209.98,916.58,346.12
2025-02-19,m2,seafood,1001.34,308.83,121.68
2025-02-19,m2,deli,2422.98,1077.78,433.05
2025-02-19,m2,bakery,1749.0,886.44,270.64
2025-02-19,m2,grocery,10656.6,2383.37,631.44
2025-02-19,m2,dairy,3201.41,779.81,165.58
2025-02-19,m2,frozen,2224.48,593.69,115.56
2025-02-19,m2,floral,579.63,269.9,78.36
2025-02-19,m2,hba,1805.44,687.1,127.94
2025-02-19,m3,produce,5445.07,1868.11,646.86
2025-02-19,m3,meat,4465.94,1227.81,478.75
2025-02-19,m3,seafood,1444.08,431.94,177.65
2025-02-19,m3,deli,3212.75,1407.48,563.62
2025-02-19,m3,bakery,2339.56,1152.89,386.38
2025-02-19,m3,grocery,14094.32,3124.35,854.08
2025-02-19,m3,dairy,4657.27,1095.35,229.01
2025-02-19,m3,frozen,3003.43,800.06,148.28
2025-02-19,m3,floral,766.66,367.51,108.82
2025-02-19,m3,hba,2300.0,850.98,164.24
2025-02-19,m4,produce,3079.3,1083.09,383.93
2025-02-19,m4,meat,2556.63,716.82,270.14
2025-02-19,m4,seafood,849.94,262.43,104.13
2025-02-19,m4,deli,2106.31,946.32,374.19
2025-02-19,m4,bakery,1378.31,683.81,227.41
2025-02-19,m4,grocery,9090.55,2037.94,564.68
2025-02-19,m4,dairy,2779.28,662.16,134.04
2025-02-19,m4,frozen,1824.16,487.51,88.29
2025-02-19,m4,floral,460.71,223.77,65.66
2025-02-19,m4,hba,1514.78,563.15,106.9
2025-02-19,m5,produce,4557.86,1574.14,555.66
2025-02-19,m5,meat,3729.38,1035.98,414.12
2025-02-19,m5,seafood,1159.87,347.44,138.22
2025-02-19,m5,deli,2654.64,1229.44,495.33
2025-02-19,m5,bakery,1942.75,943.2,307.36
2025-02-19,m5,grocery,11216.55,2513.18,663.6
2025-02-19,m5,dairy,3689.96,891.26,183.02
2025-02-19,m5,frozen,2540.09,668.6,126.27
2025-02-19,m5,floral,655.05,322.55,95.28
2025-02-19,m5,hba,2049.67,797.81,146.17
2025-02-19,m6,produce,4758.21,1634.91,554.69
2025-02-19,m6,meat,4004.07,1125.98,453.02
2025-02-19,m6,seafood,1262.5,370.29,155.1
2025-02-19,m6,deli,2968.43,1349.66,536.4
2025-02-19,m6,bakery,2160.19,1058.58,344.15
2025-02-19,m6,grocery,12488.05,2774.18,733.75
2025-02-19,m6,dairy,3982.95,970.43,201.69
2025-02-19,m6,frozen,2662.22,715.99,135.41
2025-02-19,m6,floral,670.47,330.11,96.89
2025-02-19,m6,hba,2245.56,839.0,154.14
2025-02-20,m1,produce,5035.69,1804.53,586.06
2025-02-20,m1,meat,4400.57,1234.71,492.79
2025-02-20,m1,seafood,1498.38,454.69,185.16
2025-02-20,m1,deli,3259.65,1490.29,591.46
2025-02-20,m1,bakery,2194.43,1089.12,357.22
2025-02-20,m1,grocery,12660.65,2765.56,768.27
2025-02-20,m1,dairy,3930.1,963.38,201.35
2025-02-20,m1,frozen,2785.16,734.65,134.66
2025-02-20,m1,floral,806.71,392.81,116.89
2025-02-20,m1,hba,2134.11,792.28,147.81
2025-02-20,m2,produce,4442.1,1597.09,536.33
2025-02-20,m2,meat,3688.44,1005.62,406.88
2025-02-20,m2,seafood,1374.11,424.1,162.51
2025-02-20,m2,deli,2620.17,1191.76,482.82
2025-02-20,m2,bakery,1842.42,926.83,288.23
2025-02-20,m2,grocery,10403.37,2294.0,622.23
2025-02-20,m2,dairy,3202.07,788.92,164.42
2025-02-20,m2,frozen,2434.65,655.61,122.72
2025-02-20,m2,floral,689.76,334.37,98.89
2025-02-20,m2,hba,1806.62,690.59,124.53
2025-02-20,m3,produce,6089.43,2083.15,759.78
2025-02-20,m3,meat,5360.42,1498.96,605.15
2025-02-20,m3,seafood,1795.83,545.35,213.37
2025-02-20,m3,deli,3766.34,1677.89,695.72
2025-02-20,m3,bakery,2415.78,1224.75,396.12
2025-02-20,m3,grocery,14509.11,3106.31,896.0
2025-02-20,m3,dairy,4347.63,1042.65,215.5
2025-02-20,m3,frozen,3453.55,941.37,177.49
2025-02-20,m3,floral,1014.97,488.59,140.25
2025-02-20,m3,hba,2438.25,953.79,174.2
2025-02-20,m4,produce,3494.86,1225.25,412.1
2025-02-20,m4,meat,3259.62,896.0,368.78
2025-02-20,m4,seafood,1082.04,317.42,132.47
2025-02-20,m4,deli,2204.9,1010.37,407.99
2025-02-20,m4,bakery,1546.03,771.05,240.71
2025-02-20,m4,grocery,8344.32,1857.33,492.29
2025-02-20,m4,dairy,2637.03,622.18,134.47
2025-02-20,m4,frozen,2052.22,537.78,104.47
2025-02-20,m4,floral,593.35,287.85,86.32
2025-02-20,m4,hba,1406.82,549.04,97.9
2025-02-20,m5,produce,4959.1,1780.05,575.86
2025-02-20,m5,meat,4544.29,1247.94,481.98
2025-02-20,m5,seafood,1555.53,470.86,188.06
2025-02-20,m5,deli,3107.94,1409.23,555.13
2025-02-20,m5,bakery,1959.34,964.44,313.21
2025-02-20,m5,grocery,11971.19,2705.49,727.05
2025-02-20,m5,dairy,3664.38,889.57,187.55
2025-02-20,m5,frozen,2764.26,758.79,142.25
2025-02-20,m5,floral,811.22,384.14,114.96
2025-02-20,m5,hba,1952.74,725.12,132.13
2025-02-20,m6,produce,5294.32,1871.78,635.81
2025-02-20,m6,meat,4566.55,1284.23,505.24
2025-02-20,m6,seafood,1603.37,488.09,196.93
2025-02-20,m6,deli,3176.34,1428.0,578.36
2025-02-20,m6,bakery,2256.37,1133.02,349.45
2025-02-20,m6,grocery,12420.29,2799.5,762.82
2025-02-20,m6,dairy,3971.98,971.17,190.97
2025-02-20,m6,frozen,3024.42,818.38,155.0
2025-02-20,m6,floral,882.33,424.0,124.36
2025-02-20,m6,hba,2234.07,863.72,151.68
2025-02-21,m1,produce,6900.46,2482.64,854.39
2025-02-21,m1,meat,6631.62,1867.9,710.8
2025-02-21,m1,seafood,2416.8,738.11,281.27
2025-02-21,m1,deli,3703.08,1637.01,648.49
2025-02-21,m1,bakery,2721.0,1389.19,419.16
2025-02-21,m1,grocery,14956.56,3291.66,887.6
2025-02-21,m1,dairy,4526.85,1081.43,234.4
2025-02-21,m1,frozen,3349.11,893.44,173.43
2025-02-21,m1,floral,1083.74,529.02,153.66
2025-02-21,m1,hba,2390.4,912.55,169.94
2025-02-21,m2,produce,5733.64,2065.29,679.9
2025-02-21,m2,meat,5845.07,1608.13,622.33
2025-02-21,m2,seafood,2108.43,622.55,246.7
2025-02-21,m2,deli,3203.48,1470.34,597.73
2025-02-21,m2,bakery,2321.96,1141.2,367.32
2025-02-21,m2,grocery,11680.21,2588.5,676.95
2025-02-21,m2,dairy,3736.94,890.5,192.88
2025-02-21,m2,frozen,2966.59,780.95,145.41
2025-02-21,m2,floral,912.53,443.13,128.12
2025-02-21,m2,hba,1955.36,753.41,142.3
2025-02-21,m3,produce,7892.05,2711.28,937.36
2025-02-21,m3,meat,8001.87,2283.61,887.6
2025-02-21,m3,seafood,2741.99,805.49,342.0
2025-02-21,m3,deli,4393.35,1920.77,797.36
2025-02-21,m3,bakery,2978.33,1455.63,461.67
2025-02-21,m3,grocery,16491.75,3533.7,1000.6
2025-02-21,m3,dairy,5111.76,1214.57,250.95
2025-02-21,m3,frozen,4203.68,1116.32,201.94
2025-02-21,m3,floral,1228.6,606.32,170.33
2025-02-21,m3,hba,2655.0,1034.67,181.03
2025-02-21,m4,produce,4818.71,1666.97,593.11
2025-02-21,m4,meat,4790.29,1343.61,535.38
2025-02-21,m4,seafood,1744.03,524.83,211.08
2025-02-21,m4,deli,2798.84,1234.6,521.79
2025-02-21,m4,bakery,1871.96,927.29,305.3
2025-02-21,m4,grocery,10457.68,2305.06,632.21
2025-02-21,m4,dairy,3265.08,782.53,158.39
2025-02-21,m4,frozen,2346.7,634.12,114.1
2025-02-21,m4,floral,728.86,347.31,103.96
2025-02-21,m4,hba,1607.32,619.04,116.78
2025-02-21,m5,produce,6526.36,2249.84,789.97
2025-02-21,m5,meat,6642.44,1824.52,759.09
2025-02-21,m5,seafood,2351.61,705.58,277.13
2025-02-21,m5,deli,3627.15,1675.47,672.81
2025-02-21,m5,bakery,2649.56,1309.3,436.07
2025-02-21,m5,grocery,14164.71,3098.76,837.15
2025-02-21,m5,dairy,4106.01,960.58,209.08
2025-02-21,m5,frozen,3498.06,925.5,168.71
2025-02-21,m5,floral,1052.57,506.87,147.28
2025-02-21,m5,hba,2368.94,925.16,164.82
2025-02-21,m6,produce,7072.84,2509.78,847.36
2025-02-21,m6,meat,7203.7,2077.3,817.01
2025-02-21,m6,seafood,2573.77,767.75,311.73
2025-02-21,m6,deli,4204.04,1919.73,769.69
2025-02-21,m6,bakery,2896.82,1470.11,454.01
2025-02-21,m6,grocery,15343.33,3466.85,944.41
2025-02-21,m6,dairy,4912.15,1180.9,247.75
2025-02-21,m6,frozen,3741.35,1038.33,189.68
2025-02-21,m6,floral,1179.1,566.77,161.44
2025-02-21,m6,hba,2416.59,937.01,169.35
2025-02-22,m1,produce,9672.75,3369.77,1149.5
2025-02-22,m1,meat,9018.1,2466.47,1024.85
2025-02-22,m1,seafood,2929.37,880.87,359.02
2025-02-22,m1,deli,4623.58,2055.54,818.5
2025-02-22,m1,bakery,3852.21,1953.61,619.75
2025-02-22,m1,grocery,16642.08,3618.38,1033.12
2025-02-22,m1,dairy,5485.52,1342.25,264.08
2025-02-22,m1,frozen,4390.4,1193.78,219.31
2025-02-22,m1,floral,1302.93,629.74,179.91
2025-02-22,m1,hba,2842.23,1047.98,205.17
2025-02-22,m2,produce,7619.05,2643.39,885.13
2025-02-22,m2,meat,7757.59,2118.01,854.31
2025-02-22,m2,seafood,2465.43,722.94,295.55
2025-02-22,m2,deli,3945.48,1792.15,694.62
2025-02-22,m2,bakery,3335.83,1647.83,530.67
2025-02-22,m2,grocery,14094.41,3158.73,819.19
2025-02-22,m2,dairy,4568.73,1118.82,222.26
2025-02-22,m2,frozen,3690.89,992.59,182.47
2025-02-22,m2,floral,1165.34,549.24,159.1
2025-02-22,m2,hba,2339.0,883.2,166.92
2025-02-22,m3,produce,11068.87,3795.15,1296.28
2025-02-22,m3,meat,10482.17,2964.11,1131.44
2025-02-22,m3,seafood,3427.97,1031.48,421.22
2025-02-22,m3,deli,5646.86,2514.39,1037.93
2025-02-22,m3,bakery,4735.03,2367.78,783.28
2025-02-22,m3,grocery,20370.5,4451.62,1184.07
2025-02-22,m3,dairy,5975.55,1392.93,290.54
2025-02-22,m3,frozen,5067.68,1390.22,248.04
2025-02-22,m3,floral,1547.41,735.72,224.89
2025-02-22,m3,hba,3395.78,1285.31,233.7
2025-02-22,m4,produce,6468.7,2299.49,760.58
2025-02-22,m4,meat,6171.51,1729.19,665.26
2025-02-22,m4,seafood,2159.28,661.94,269.36
2025-02-22,m4,deli,3280.08,1504.43,576.17
2025-02-22,m4,bakery,2833.52,1443.11,460.66
2025-02-22,m4,grocery,11990.96,2587.55,747.81
2025-02-22,m4,dairy,3820.26,924.26,186.88
2025-02-22,m4,frozen,2971.25,780.02,154.39
2025-02-22,m4,floral,965.11,461.2,136.37
2025-02-22,m4,hba,1936.47,716.03,134.55
2025-02-22,m5,produce,8621.16,3041.54,1012.31
2025-02-22,m5,meat,8535.0,2386.82,939.59
2025-02-22,m5,seafood,2895.39,858.42,341.03
2025-02-22,m5,deli,4466.7,1992.05,798.74
2025-02-22,m5,bakery,3699.83,1799.7,570.23
2025-02-22,m5,grocery,15540.99,3469.23,910.97
2025-02-22,m5,dairy,5123.43,1259.76,247.99
2025-02-22,m5,frozen,4054.41,1124.14,200.51
2025-02-22,m5,floral,1231.33,576.74,165.68
2025-02-22,m5,hba,2754.34,1069.38,190.2
2025-02-22,m6,produce,9951.18,3453.95,1220.78
2025-02-22,m6,meat,9618.21,2672.35,1070.72
2025-02-22,m6,seafood,3063.3,912.6,378.98
2025-02-22,m6,deli,4861.13,2219.35,848.43
2025-02-22,m6,bakery,4200.36,2152.12,680.36
2025-02-22,m6,grocery,17425.58,3880.7,1081.12
2025-02-22,m6,dairy,5437.2,1308.57,268.44
2025-02-22,m6,frozen,4731.28,1314.98,230.92
2025-02-22,m6,floral,1418.75,662.36,193.73
2025-02-22,m6,hba,3043.88,1139.5,219.5
2025-02-23,m1,produce,7839.08,2810.65,976.45
2025-02-23,m1,meat,6725.3,1877.26,752.65
2025-02-23,m1,seafood,2001.92,585.0,238.67
2025-02-23,m1,deli,4011.71,1805.69,694.49
2025-02-23,m1,bakery,3459.15,1749.99,537.03
2025-02-23,m1,grocery,14531.1,3209.53,892.4
2025-02-23,m1,dairy,4900.45,1193.09,243.01
2025-02-23,m1,frozen,3590.45,990.96,186.29
2025-02-23,m1,floral,929.3,452.77,128.9
2025-02-23,m1,hba,2635.51,995.54,181.11
2025-02-23,m2,produce,6232.43,2136.85,731.01
2025-02-23,m2,meat,5607.52,1605.82,631.17
2025-02-23,m2,seafood,1627.19,494.24,195.65
2025-02-23,m2,deli,3204.69,1417.91,586.45
2025-02-23,m2,bakery,2926.6,1434.42,451.23
2025-02-23,m2,grocery,12600.87,2695.53,734.77
2025-02-23,m2,dairy,4242.94,1044.41,208.25
2025-02-23,m2,frozen,3083.63,839.69,151.09
2025-02-23,m2,floral,843.67,405.8,113.4
2025-02-23,m2,hba,2146.06,820.65,148.65
2025-02-23,m3,produce,8344.32,2956.51,1005.27
2025-02-23,m3,meat,7605.51,2117.83,844.07
2025-02-23,m3,seafood,2172.57,634.46,267.3
2025-02-23,m3,deli,4565.97,2020.08,852.46
2025-02-23,m3,bakery,3811.64,1959.75,611.69
2025-02-23,m3,grocery,18344.68,4103.19,1125.38
2025-02-23,m3,dairy,5310.8,1293.39,263.03
2025-02-23,m3,frozen,4116.51,1136.13,208.04
2025-02-23,m3,floral,1111.3,543.57,152.11
2025-02-23,m3,hba,2880.3,1099.88,206.58
2025-02-23,m4,produce,5434.07,1862.63,638.09
2025-02-23,m4,meat,4631.34,1286.56,525.84
2025-02-23,m4,seafood,1291.35,380.0,151.06
2025-02-23,m4,deli,2789.63,1231.9,501.75
2025-02-23,m4,bakery,2452.65,1237.18,377.39
2025-02-23,m4,grocery,10296.95,2221.53,612.59
2025-02-23,m4,dairy,3401.38,795.24,164.25
2025-02-23,m4,frozen,2404.87,665.26,124.77
2025-02-23,m4,floral,646.11,310.63,92.1
2025-02-23,m4,hba,1850.0,707.36,128.23
2025-02-23,m5,produce,6848.16,2443.82,839.1
2025-02-23,m5,meat,6235.12,1698.04,672.05
2025-02-23,m5,seafood,1750.7,513.95,212.23
2025-02-23,m5,deli,3475.79,1607.87,648.55
2025-02-23,m5,bakery,3125.84,1585.06,493.67
2025-02-23,m5,grocery,14761.94,3189.62,884.33
2025-02-23,m5,dairy,4595.62,1099.27,223.59
2025-02-23,m5,frozen,3292.73,870.61,158.79
2025-02-23,m5,floral,930.92,450.26,126.4
2025-02-23,m5,hba,2514.83,932.86,173.18
2025-02-23,m6,produce,7959.22,2841.97,927.74
2025-02-23,m6,meat,7073.29,1923.96,773.53
2025-02-23,m6,seafood,1947.86,589.81,228.62
2025-02-23,m6,deli,4191.16,1872.98,777.6
2025-02-23,m6,bakery,3712.54,1813.1,578.3
2025-02-23,m6,grocery,15361.05,3298.68,955.27
2025-02-23,m6,dairy,4975.62,1202.44,241.19
2025-02-23,m6,frozen,3858.31,1067.99,199.02
2025-02-23,m6,floral,1020.08,480.18,143.16
2025-02-23,m6,hba,2718.9,1044.3,185.0
2025-02-24,m1,produce,4619.22,1647.53,547.58
2025-02-24,m1,meat,3722.75,1068.4,414.8
2025-02-24,m1,seafood,1021.66,312.21,124.67
2025-02-24,m1,deli,2813.36,1228.2,523.95
2025-02-24,m1,bakery,1948.78,983.5,307.32
2025-02-24,m1,grocery,12460.08,2777.62,764.68
2025-02-24,m1,dairy,3969.7,927.99,199.72
2025-02-24,m1,frozen,2816.76,750.42,136.22
2025-02-24,m1,floral,642.33,302.43,89.1
2025-02-24,m1,hba,2083.41,788.08,148.1
2025-02-24,m2,produce,3971.35,1414.45,470.21
2025-02-24,m2,meat,3394.39,959.21,365.79
2025-02-24,m2,seafood,825.61,247.64,99.34
2025-02-24,m2,deli,2505.25,1149.1,446.78
2025-02-24,m2,bakery,1730.68,861.28,278.63
2025-02-24,m2,grocery,10915.42,2437.17,665.57
2025-02-24,m2,dairy,3292.0,766.51,171.1
2025-02-24,m2,frozen,2178.52,590.26,112.91
2025-02-24,m2,floral,542.13,253.35,74.98
2025-02-24,m2,hba,1866.39,724.83,133.98
2025-02-24,m3,produce,5308.38,1818.26,655.01
2025-02-24,m3,meat,4668.04,1339.44,502.91
2025-02-24,m3,seafood,1163.08,339.63,135.53
2025-02-24,m3,deli,3534.58,1610.03,629.99
2025-02-24,m3,bakery,2212.69,1137.21,350.4
2025-02-24,m3,grocery,14779.37,3283.21,856.52
2025-02-24,m3,dairy,4729.4,1160.29,227.58
2025-02-24,m3,frozen,3055.21,804.07,147.59
2025-02-24,m3,floral,708.72,346.59,96.44
2025-02-24,m3,hba,2362.53,910.88,168.66
2025-02-24,m4,produce,3364.42,1163.38,400.87
2025-02-24,m4,meat,2669.26,760.01,298.2
2025-02-24,m4,seafood,670.87,197.11,82.96
2025-02-24,m4,deli,1960.25,895.4,352.94
2025-02-24,m4,bakery,1344.67,685.75,218.24
2025-02-24,m4,grocery,9150.09,2019.56,563.48
2025-02-24,m4,dairy,2901.52,696.44,147.51
2025-02-24,m4,frozen,1870.71,494.69,97.08
2025-02-24,m4,floral,429.35,212.0,58.31
2025-02-24,m4,hba,1442.43,552.04,98.7
2025-02-24,m5,produce,4335.49,1539.82,522.73
2025-02-24,m5,meat,3808.3,1086.58,417.85
2025-02-24,m5,seafood,912.93,276.21,112.42
2025-02-24,m5,deli,2697.37,1235.91,491.22
2025-02-24,m5,bakery,1860.18,908.24,287.58
2025-02-24,m5,grocery,12091.5,2715.45,698.1
2025-02-24,m5,dairy,3697.06,889.51,178.42
2025-02-24,m5,frozen,2583.19,708.2,127.19
2025-02-24,m5,floral,584.45,282.86,78.76
2025-02-24,m5,hba,1969.14,769.67,138.55
2025-02-24,m6,produce,4979.91,1773.32,575.87
2025-02-24,m6,meat,3994.62,1148.26,422.13
2025-02-24,m6,seafood,1013.49,300.08,120.63
2025-02-24,m6,deli,2990.58,1366.1,548.02
2025-02-24,m6,bakery,2221.22,1124.12,343.95
2025-02-24,m6,grocery,13105.15,2924.9,761.21
2025-02-24,m6,dairy,4305.64,1011.67,216.78
2025-02-24,m6,frozen,2794.31,758.37,143.65
2025-02-24,m6,floral,629.16,295.68,87.82
2025-02-24,m6,hba,2313.66,857.73,164.79
2025-02-25,m1,produce,4449.0,1585.88,540.47
2025-02-25,m1,meat,3582.43,982.68,408.68
2025-02-25,m1,seafood,980.87,298.3,119.13
2025-02-25,m1,deli,2808.85,1251.96,517.14
2025-02-25,m1,bakery,1806.57,895.72,297.28
2025-02-25,m1,grocery,11548.48,2600.22,708.11
2025-02-25,m1,dairy,3631.0,856.21,183.15
2025-02-25,m1,frozen,2363.66,624.88,119.39
2025-02-25,m1,floral,550.7,269.17,74.89
2025-02-25,m1,hba,2031.1,774.0,147.51
2025-02-25,m2,produce,3744.15,1277.99,434.71
2025-02-25,m2,meat,2910.11,836.05,311.44
2025-02-25,m2,seafood,814.08,242.22,94.48
2025-02-25,m2,deli,2215.61,1013.29,391.09
2025-02-25,m2,bakery,1556.54,766.88,256.55
2025-02-25,m2,grocery,10033.06,2159.66,583.87
2025-02-25,m2,dairy,3142.88,733.45,161.66
2025-02-25,m2,frozen,2077.5,572.94,107.34
2025-02-25,m2,floral,450.84,214.67,64.86
2025-02-25,m2,hba,1740.01,656.19,123.58
2025-02-25,m3,produce,4929.88,1700.9,609.36
2025-02-25,m3,meat,4085.19,1152.13,454.54
2025-02-25,m3,seafood,1153.31,340.69,141.95
2025-02-25,m3,deli,2944.55,1353.12,521.14
2025-02-25,m3,bakery,2039.38,1013.53,315.15
2025-02-25,m3,grocery,13223.67,2902.62,767.62
2025-02-25,m3,dairy,4208.69,1018.72,217.17
2025-02-25,m3,frozen,2828.88,744.82,144.07
2025-02-25,m3,floral,659.91,324.79,94.37
2025-02-25,m3,hba,2184.63,821.63,150.69
2025-02-25,m4,produce,3147.9,1100.86,383.86
2025-02-25,m4,meat,2436.25,673.08,258.09
2025-02-25,m4,seafood,661.89,198.21,80.32
2025-02-25,m4,deli,1851.2,809.61,335.91
2025-02-25,m4,bakery,1269.9,651.58,200.93
2025-02-25,m4,grocery,8083.29,1775.49,467.7
2025-02-25,m4,dairy,2665.19,657.02,135.22
2025-02-25,m4,frozen,1688.23,459.53,81.6
2025-02-25,m4,floral,368.98,176.1,50.82
2025-02-25,m4,hba,1400.07,543.88,98.2
2025-02-25,m5,produce,4139.14,1427.79,509.83
2025-02-25,m5,meat,3179.14,911.61,345.29
2025-02-25,m5,seafood,953.86,280.4,113.08
2025-02-25,m5,deli,2537.65,1140.26,463.68
2025-02-25,m5,bakery,1685.14,852.51,266.49
2025-02-25,m5,grocery,11260.49,2460.83,649.14
2025-02-25,m5,dairy,3587.4,865.99,173.31
2025-02-25,m5,frozen,2384.54,648.33,117.55
2025-02-25,m5,floral,548.75,270.34,78.32
2025-02-25,m5,hba,1904.66,715.8,129.6
2025-02-25,m6,produce,4479.92,1534.81,553.26
2025-02-25,m6,meat,3521.54,1013.84,384.47
2025-02-25,m6,seafood,1030.36,299.9,123.15
2025-02-25,m6,deli,2921.66,1285.22,523.77
2025-02-25,m6,bakery,2018.45,984.85,315.68
2025-02-25,m6,grocery,12795.18,2801.46,770.54
2025-02-25,m6,dairy,3727.13,887.94,184.09
2025-02-25,m6,frozen,2709.26,752.21,136.3
2025-02-25,m6,floral,550.29,269.11,74.06
2025-02-25,m6,hba,2138.04,812.56,154.07
2025-02-26,m1,produce,4806.67,1697.37,574.77
2025-02-26,m1,meat,3841.54,1066.09,424.01
2025-02-26,m1,seafood,1226.92,373.93,142.68
2025-02-26,m1,deli,2842.57,1273.66,498.44
2025-02-26,m1,bakery,2038.91,1022.07,323.13
2025-02-26,m1,grocery,13032.64,2899.62,778.05
2025-02-26,m1,dairy,3892.05,940.84,201.22
2025-02-26,m1,frozen,2789.13,775.45,142.87
2025-02-26,m1,floral,646.57,313.14,91.36
2025-02-26,m1,hba,2102.93,798.94,150.17
2025-02-26,m2,produce,4176.97,1426.83,498.99
2025-02-26,m2,meat,3321.6,903.97,359.23
2025-02-26,m2,seafood,1032.22,304.52,123.42
2025-02-26,m2,deli,2467.44,1090.07,443.06
2025-02-26,m2,bakery,1652.31,849.33,273.13
2025-02-26,m2,grocery,10614.98,2380.19,647.28
2025-02-26,m2,dairy,3463.09,806.59,171.42
2025-02-26,m2,frozen,2225.85,593.18,114.67
2025-02-26,m2,floral,558.78,273.66,80.08
2025-02-26,m2,hba,1788.11,668.94,129.17
2025-02-26,m3,produce,5373.34,1826.0,626.92
2025-02-26,m3,meat,4401.73,1255.91,496.59
2025-02-26,m3,seafood,1421.77,422.31,176.88
2025-02-26,m3,deli,3544.98,1570.53,662.27
2025-02-26,m3,bakery,2251.32,1135.41,369.68
2025-02-26,m3,grocery,14924.14,3298.65,868.86
2025-02-26,m3,dairy,4637.37,1144.85,225.82
2025-02-26,m3,frozen,3222.11,870.87,160.3
2025-02-26,m3,floral,743.23,363.2,104.09
2025-02-26,m3,hba,2472.09,955.42,177.79
2025-02-26,m4,produce,3340.92,1152.5,402.61
2025-02-26,m4,meat,2835.14,779.73,301.72
2025-02-26,m4,seafood,851.5,257.43,102.94
2025-02-26,m4,deli,1959.36,892.7,364.55
2025-02-26,m4,bakery,1354.27,672.36,220.88
2025-02-26,m4,grocery,8492.73,1863.21,514.92
2025-02-26,m4,dairy,2745.29,648.58,141.63
2025-02-26,m4,frozen,1846.81,499.7,90.46
2025-02-26,m4,floral,484.47,236.54,69.29
2025-02-26,m4,hba,1508.88,565.63,109.3
2025-02-26,m5,produce,4534.15,1600.13,547.55
2025-02-26,m5,meat,3536.42,987.77,391.99
2025-02-26,m5,seafood,1117.19,330.78,138.3
2025-02-26,m5,deli,2677.27,1204.35,476.56
2025-02-26,m5,bakery,1983.67,985.34,317.16
2025-02-26,m5,grocery,11395.88,2442.95,708.87
2025-02-26,m5,dairy,3619.24,878.38,179.16
2025-02-26,m5,frozen,2510.65,694.48,128.63
2025-02-26,m5,floral,619.11,288.44,84.45
2025-02-26,m5,hba,2029.23,776.04,136.72
2025-02-26,m6,produce,5183.87,1868.11,621.26
2025-02-26,m6,meat,4116.49,1155.83,440.44
2025-02-26,m6,seafood,1316.36,405.01,154.08
2025-02-26,m6,deli,2939.58,1284.96,529.62
2025-02-26,m6,bakery,2047.0,1046.03,317.43
2025-02-26,m6,grocery,12853.39,2798.49,753.91
2025-02-26,m6,dairy,4272.33,1052.42,209.64
2025-02-26,m6,frozen,2822.43,782.78,139.41
2025-02-26,m6,floral,710.55,336.86,101.43
2025-02-26,m6,hba,2226.9,846.87,154.64
2025-02-27,m1,produce,4983.36,1709.95,606.95
2025-02-27,m1,meat,4831.69,1335.1,526.93
2025-02-27,m1,seafood,1604.62,489.08,189.65
2025-02-27,m1,deli,3276.23,1514.44,589.15
2025-02-27,m1,bakery,2287.71,1138.62,373.27
2025-02-27,m1,grocery,12995.86,2880.17,786.44
2025-02-27,m1,dairy,3950.16,951.86,195.52
2025-02-27,m1,frozen,2956.12,777.29,143.87
2025-02-27,m1,floral,816.91,392.38,115.16
2025-02-27,m1,hba,2077.93,805.09,147.14
2025-02-27,m2,produce,4573.26,1586.45,528.15
2025-02-27,m2,meat,3827.24,1060.23,430.79
2025-02-27,m2,seafood,1333.37,389.76,162.01
2025-02-27,m2,deli,2670.6,1221.92,466.18
2025-02-27,m2,bakery,1838.88,892.46,290.19
2025-02-27,m2,grocery,10671.14,2389.24,660.69
2025-02-27,m2,dairy,3402.39,810.97,171.5
2025-02-27,m2,frozen,2486.56,655.38,122.12
2025-02-27,m2,floral,736.19,361.5,106.03
2025-02-27,m2,hba,1726.81,671.65,120.12
2025-02-27,m3,produce,6063.82,2099.13,717.19
2025-02-27,m3,meat,5187.25,1478.81,570.54
2025-02-27,m3,seafood,1919.73,573.2,223.44
2025-02-27,m3,deli,3539.66,1576.3,631.17
2025-02-27,m3,bakery,2553.22,1260.15,413.21
2025-02-27,m3,grocery,15003.49,3397.41,929.85
2025-02-27,m3,dairy,4476.37,1096.35,222.08
2025-02-27,m3,frozen,3487.82,965.33,167.96
2025-02-27,m3,floral,999.66,467.44,135.42
2025-02-27,m3,hba,2513.83,968.05,172.8
2025-02-27,m4,produce,3690.12,1283.82,444.81
2025-02-27,m4,meat,3195.24,900.7,348.48
2025-02-27,m4,seafood,1135.8,339.81,140.1
2025-02-27,m4,deli,2331.91,1025.52,415.51
2025-02-27,m4,bakery,1560.55,758.24,240.66
2025-02-27,m4,grocery,8386.77,1801.38,496.08
2025-02-27,m4,dairy,2837.04,678.26,138.11
2025-02-27,m4,frozen,1979.11,547.26,97.92
2025-02-27,m4,floral,623.97,308.3,90.39
2025-02-27,m4,hba,1539.88,576.72,110.25
2025-02-27,m5,produce,4694.02,1686.98,544.13
2025-02-27,m5,meat,4343.54,1224.42,489.73
2025-02-27,m5,seafood,1476.96,434.33,172.1
2025-02-27,m5,deli,3011.61,1324.84,557.78
2025-02-27,m5,bakery,2146.15,1098.05,356.18
2025-02-27,m5,grocery,11864.23,2601.8,690.35
2025-02-27,m5,dairy,3789.8,913.8,191.93
2025-02-27,m5,frozen,2903.56,775.58,147.86
2025-02-27,m5,floral,791.7,374.63,109.03
2025-02-27,m5,hba,1931.57,736.57,139.24
2025-02-27,m6,produce,5484.32,1946.61,642.63
2025-02-27,m6,meat,4678.01,1346.92,496.48
2025-02-27,m6,seafood,1589.53,468.74,195.6
2025-02-27,m6,deli,3237.47,1422.29,569.16
2025-02-27,m6,bakery,2334.47,1169.17,384.23
2025-02-27,m6,grocery,13572.36,2952.21,811.35
2025-02-27,m6,dairy,4032.67,968.1,208.31
2025-02-27,m6,frozen,2977.13,797.25,154.51
2025-02-27,m6,floral,932.8,448.11,133.52
2025-02-27,m6,hba,2158.32,809.23,147.02
2025-02-28,m1,produce,6722.69,2405.15,816.3
2025-02-28,m1,meat,6731.2,1927.28,754.95
2025-02-28,m1,seafood,2384.66,732.31,278.99
2025-02-28,m1,deli,3732.42,1695.9,669.29
2025-02-28,m1,bakery,2689.63,1379.26,416.02
2025-02-28,m1,grocery,14436.43,3109.44,866.34
2025-02-28,m1,dairy,4593.97,1072.99,225.52
2025-02-28,m1,frozen,3446.24,938.78,175.51
2025-02-28,m1,floral,1093.15,518.23,151.85
2025-02-28,m1,hba,2471.2,940.72,172.9
2025-02-28,m2,produce,5787.95,2047.8,702.69
2025-02-28,m2,meat,6202.91,1707.59,657.93
2025-02-28,m2,seafood,1984.33,586.95,229.85
2025-02-28,m2,deli,3196.68,1414.9,580.94
2025-02-28,m2,bakery,2391.59,1188.04,370.45
2025-02-28,m2,grocery,12644.66,2845.17,744.61
2025-02-28,m2,dairy,3786.95,924.45,187.04
2025-02-28,m2,frozen,2987.35,811.25,152.16
2025-02-28,m2,floral,898.43,431.33,127.8
2025-02-28,m2,hba,2076.11,779.71,150.06
2025-02-28,m3,produce,7677.07,2657.17,889.52
2025-02-28,m3,meat,7773.02,2228.66,830.53
2025-02-28,m3,seafood,2678.22,802.24,317.12
2025-02-28,m3,deli,4359.37,1933.92,758.13
2025-02-28,m3,bakery,3224.09,1646.19,519.73
2025-02-28,m3,grocery,17501.35,3869.51,1049.1
2025-02-28,m3,dairy,5145.59,1206.0,263.84
2025-02-28,m3,frozen,4157.03,1155.42,213.43
2025-02-28,m3,floral,1270.13,597.49,172.79
2025-02-28,m3,hba,2701.07,1014.37,192.65
2025-02-28,m4,produce,4775.69,1695.04,595.54
2025-02-28,m4,meat,4765.59,1333.28,518.52
2025-02-28,m4,seafood,1630.36,484.78,198.93
2025-02-28,m4,deli,2849.27,1303.29,527.51
2025-02-28,m4,bakery,2005.47,1008.5,310.94
2025-02-28,m4,grocery,10364.27,2311.36,598.01
2025-02-28,m4,dairy,3367.03,825.36,170.5
2025-02-28,m4,frozen,2423.39,654.23,118.69
2025-02-28,m4,floral,789.76,389.85,109.32
2025-02-28,m4,hba,1755.6,654.87,127.36
2025-02-28,m5,produce,6602.49,2375.41,816.2
2025-02-28,m5,meat,6746.95,1934.4,739.15
2025-02-28,m5,seafood,2432.36,730.89,286.4
2025-02-28,m5,deli,3787.86,1744.22,675.87
2025-02-28,m5,bakery,2594.85,1335.87,408.84
2025-02-28,m5,grocery,13175.53,2902.11,780.62
2025-02-28,m5,dairy,4409.81,1054.13,219.7
2025-02-28,m5,frozen,3570.82,981.03,175.52
2025-02-28,m5,floral,1095.73,525.92,155.68
2025-02-28,m5,hba,2317.93,862.33,168.31
2025-02-28,m6,produce,7286.74,2575.5,860.67
2025-02-28,m6,meat,7171.04,2044.01,758.25
2025-02-28,m6,seafood,2452.58,726.2,296.5
2025-02-28,m6,deli,3929.16,1747.52,703.31
2025-02-28,m6,bakery,2938.25,1425.11,460.77
2025-02-28,m6,grocery,15034.23,3264.52,927.96
2025-02-28,m6,dairy,4899.53,1194.86,238.22
2025-02-28,m6,frozen,3614.1,962.38,187.87
2025-02-28,m6,floral,1121.68,541.16,151.77
2025-02-28,m6,hba,2498.31,947.83,172.85
2025-03-01,m1,produce,9719.27,3429.72,1159.09
2025-03-01,m1,meat,9737.43,2660.74,1050.66
2025-03-01,m1,seafood,2999.63,889.67,361.8
2025-03-01,m1,deli,4983.96,2218.89,902.72
2025-03-01,m1,bakery,4113.54,2019.69,638.98
2025-03-01,m1,grocery,17537.93,3812.29,1017.39
2025-03-01,m1,dairy,5545.11,1341.07,278.27
2025-03-01,m1,frozen,4432.65,1223.81,220.51
2025-03-01,m1,floral,1297.84,620.79,178.98
2025-03-01,m1,hba,3065.57,1179.78,214.05
2025-03-01,m2,produce,7953.7,2770.52,947.59
2025-03-01,m2,meat,7534.11,2117.01,859.08
2025-03-01,m2,seafood,2580.62,786.07,312.53
2025-03-01,m2,deli,4079.65,1807.5,735.05
2025-03-01,m2,bakery,3305.59,1657.08,531.67
2025-03-01,m2,grocery,14520.35,3243.42,863.74
2025-03-01,m2,dairy,4636.69,1079.82,237.54
2025-03-01,m2,frozen,3958.1,1066.14,190.85
2025-03-01,m2,floral,1093.56,535.3,154.93
2025-03-01,m2,hba,2455.56,910.57,169.01
2025-03-01,m3,produce,10819.21,3748.39,1252.69
2025-03-01,m3,meat,10955.79,3099.72,1228.21
2025-03-01,m3,seafood,3361.95,990.74,391.95
2025-03-01,m3,deli,5766.18,2594.05,1014.96
2025-03-01,m3,bakery,4727.02,2413.46,744.28
2025-03-01,m3,grocery,19680.38,4456.76,1134.2
2025-03-01,m3,dairy,6325.12,1535.13,306.51
2025-03-01,m3,frozen,4903.51,1332.19,237.74
2025-03-01,m3,floral,1486.05,700.65,207.61
2025-03-01,m3,hba,3490.89,1322.07,235.68
2025-03-01,m4,produce,6348.31,2209.18,791.21
2025-03-01,m4,meat,6720.71,1920.38,742.04
2025-03-01,m4,seafood,2211.06,670.54,272.95
2025-03-01,m4,deli,3467.6,1554.09,630.97
2025-03-01,m4,bakery,2738.52,1395.43,443.68
2025-03-01,m4,grocery,11808.28,2635.49,711.14
2025-03-01,m4,dairy,3846.68,911.57,194.91
2025-03-01,m4,frozen,3286.06,886.86,166.51
2025-03-01,m4,floral,932.29,452.81,126.42
2025-03-01,m4,hba,2039.38,771.47,137.37
2025-03-01,m5,produce,8915.77,3132.54,1028.04
2025-03-01,m5,meat,8663.59,2446.93,982.97
2025-03-01,m5,seafood,2942.06,858.4,364.54
2025-03-01,m5,deli,4866.8,2185.84,891.66
2025-03-01,m5,bakery,3751.9,1930.18,593.47
2025-03-01,m5,grocery,17160.75,3776.09,1017.19
2025-03-01,m5,dairy,5340.89,1273.4,257.7
2025-03-01,m5,frozen,4330.39,1158.81,220.32
2025-03-01,m5,floral,1258.61,611.93,180.25
2025-03-01,m5,hba,2729.06,1053.38,188.02
2025-03-01,m6,produce,9791.77,3512.69,1188.66
2025-03-01,m6,meat,9647.6,2696.75,1074.73
2025-03-01,m6,seafood,3237.66,996.21,397.08
2025-03-01,m6,deli,5154.24,2267.84,914.71
2025-03-01,m6,bakery,4434.53,2197.06,716.19
2025-03-01,m6,grocery,18139.17,3881.66,1119.0
2025-03-01,m6,dairy,5586.69,1308.35,270.53
2025-03-01,m6,frozen,4917.38,1325.81,250.98
2025-03-01,m6,floral,1481.87,724.47,211.32
2025-03-01,m6,hba,3003.45,1168.69,204.76
2025-03-02,m1,produce,8014.42,2848.1,955.58
2025-03-02,m1,meat,6302.6,1776.58,671.9
2025-03-02,m1,seafood,2026.46,592.36,248.3
2025-03-02,m1,deli,3958.81,1817.88,736.73
2025-03-02,m1,bakery,3426.26,1733.56,542.83
2025-03-02,m1,grocery,16263.11,3593.72,952.35
2025-03-02,m1,dairy,4775.16,1141.74,234.67
2025-03-02,m1,frozen,3483.36,921.44,178.54
2025-03-02,m1,floral,1009.5,475.61,142.26
2025-03-02,m1,hba,2645.1,1015.31,180.77
2025-03-02,m2,produce,6758.2,2421.19,801.87
2025-03-02,m2,meat,5549.7,1558.26,589.56
2025-03-02,m2,seafood,1612.37,490.39,199.85
2025-03-02,m2,deli,3376.87,1519.24,624.0
2025-03-02,m2,bakery,2986.22,1490.76,472.14
2025-03-02,m2,grocery,13335.49,2944.14,776.95
2025-03-02,m2,dairy,3981.75,951.46,197.11
2025-03-02,m2,frozen,2921.08,768.73,149.35
2025-03-02,m2,floral,815.58,382.51,111.72
2025-03-02,m2,hba,2242.21,843.39,153.49
2025-03-02,m3,produce,9259.28,3322.86,1089.01
2025-03-02,m3,meat,7732.16,2108.88,875.81
2025-03-02,m3,seafood,2357.76,689.28,284.64
2025-03-02,m3,deli,4663.74,2153.06,839.48
2025-03-02,m3,bakery,3971.51,1932.93,645.48
2025-03-02,m3,grocery,17137.03,3763.58,1062.56
2025-03-02,m3,dairy,5497.38,1282.16,271.31
2025-03-02,m3,frozen,4030.52,1077.44,205.79
2025-03-02,m3,floral,1085.54,522.53,154.82
2025-03-02,m3,hba,3130.48,1201.24,225.76
2025-03-02,m4,produce,5255.51,1792.29,653.26
2025-03-02,m4,meat,4799.27,1360.17,539.14
2025-03-02,m4,seafood,1307.28,403.5,162.52
2025-03-02,m4,deli,2768.87,1254.4,481.67
2025-03-02,m4,bakery,2454.61,1260.19,385.53
2025-03-02,m4,grocery,10356.2,2214.88,621.75
2025-03-02,m4,dairy,3478.97,831.52,171.21
2025-03-02,m4,frozen,2601.39,722.24,125.09
2025-03-02,m4,floral,655.01,319.57,93.99
2025-03-02,m4,hba,1834.22,712.07,130.26
2025-03-02,m5,produce,7500.47,2633.43,867.81
2025-03-02,m5,meat,6426.51,1820.52,702.94
2025-03-02,m5,seafood,1847.0,542.06,220.54
2025-03-02,m5,deli,3869.01,1791.46,689.05
2025-03-02,m5,bakery,3212.68,1600.22,495.85
2025-03-02,m5,grocery,14335.14,3170.5,841.33
2025-03-02,m5,dairy,4766.65,1170.65,243.92
2025-03-02,m5,frozen,3434.34,954.58,165.05
2025-03-02,m5,floral,950.76,464.92,128.6
2025-03-02,m5,hba,2388.21,890.13,161.07
2025-03-02,m6,produce,7975.61,2817.46,937.49
2025-03-02,m6,meat,6775.52,1909.23,744.04
2025-03-02,m6,seafood,1978.81,578.57,232.71
2025-03-02,m6,deli,4130.88,1858.33,757.55
2025-03-02,m6,bakery,3610.68,1850.31,564.78
2025-03-02,m6,grocery,16627.35,3754.9,1020.0
2025-03-02,m6,dairy,5034.58,1219.44,252.27
2025-03-02,m6,frozen,3682.55,1006.09,184.18
2025-03-02,m6,floral,982.37,482.87,139.79
2025-03-02,m6,hba,2775.37,1040.71,189.67
2025-03-03,m1,produce,4629.13,1594.0,566.25
2025-03-03,m1,meat,3529.41,980.67,398.06
2025-03-03,m1,seafood,885.32,273.21,107.92
2025-03-03,m1,deli,2795.89,1254.66,487.73
2025-03-03,m1,bakery,1893.58,920.3,297.59
2025-03-03,m1,grocery,11675.42,2619.01,677.24
2025-03-03,m1,dairy,3647.78,881.23,182.32
2025-03-03,m1,frozen,2616.64,701.61,126.06
2025-03-03,m1,floral,556.99,262.29,77.55
2025-03-03,m1,hba,1900.35,713.69,133.47
2025-03-03,m2,produce,3698.84,1257.77,447.72
2025-03-03,m2,meat,3210.82,921.83,364.7
2025-03-03,m2,seafood,804.68,242.72,98.55
2025-03-03,m2,deli,2304.16,1057.36,412.56
2025-03-03,m2,bakery,1598.05,810.02,260.5
2025-03-03,m2,grocery,9595.72,2061.56,570.59
2025-03-03,m2,dairy,3240.82,786.1,166.69
2025-03-03,m2,frozen,2240.29,603.55,112.67
2025-03-03,m2,floral,491.12,236.01,66.9
2025-03-03,m2,hba,1670.94,644.32,120.94
2025-03-03,m3,produce,4894.58,1663.27,601.43
2025-03-03,m3,meat,4368.2,1192.68,470.89
2025-03-03,m3,seafood,1060.45,315.03,126.18
2025-03-03,m3,deli,3204.38,1430.01,584.14
2025-03-03,m3,bakery,2239.36,1140.52,361.39
2025-03-03,m3,grocery,13073.72,2888.03,773.19
2025-03-03,m3,dairy,4188.69,985.91,208.81
2025-03-03,m3,frozen,2886.35,777.75,149.7
2025-03-03,m3,floral,658.65,322.68,90.13
2025-03-03,m3,hba,2186.85,852.88,150.34
2025-03-03,m4,produce,3127.3,1082.34,362.19
2025-03-03,m4,meat,2462.71,700.56,266.05
2025-03-03,m4,seafood,666.46,195.47,80.81
2025-03-03,m4,deli,1860.13,842.98,322.76
2025-03-03,m4,bakery,1274.54,619.62,206.93
2025-03-03,m4,grocery,8566.7,1893.71,495.17
2025-03-03,m4,dairy,2667.88,623.42,135.68
2025-03-03,m4,frozen,1724.94,458.96,87.48
2025-03-03,m4,floral,416.07,197.96,59.27
2025-03-03,m4,hba,1406.61,529.69,95.13
2025-03-03,m5,produce,4174.3,1461.97,490.38
2025-03-03,m5,meat,3392.65,942.61,382.83
2025-03-03,m5,seafood,864.96,261.7,106.92
2025-03-03,m5,deli,2523.46,1123.74,464.69
2025-03-03,m5,bakery,1769.41,879.83,286.55
2025-03-03,m5,grocery,11188.72,2531.45,677.87
2025-03-03,m5,dairy,3423.29,799.14,177.06
2025-03-03,m5,frozen,2497.59,655.15,125.97
2025-03-03,m5,floral,561.97,269.92,80.44
2025-03-03,m5,hba,1891.5,722.29,130.75
2025-03-03,m6,produce,4507.47,1608.92,520.67
2025-03-03,m6,meat,3902.61,1084.93,446.38
2025-03-03,m6,seafood,923.46,270.01,114.68
2025-03-03,m6,deli,2812.66,1265.96,509.29
2025-03-03,m6,bakery,1998.06,994.12,325.65
2025-03-03,m6,grocery,12833.96,2828.17,742.4
2025-03-03,m6,dairy,3905.85,938.78,194.37
2025-03-03,m6,frozen,2590.1,713.43,127.36
2025-03-03,m6,floral,587.14,277.48,83.96
2025-03-03,m6,hba,2060.07,780.75,147.07
2025-03-04,m1,produce,3862.62,1330.91,472.15
2025-03-04,m1,meat,3395.45,942.85,369.08
2025-03-04,m1,seafood,918.72,282.47,111.6
2025-03-04,m1,deli,2551.61,1144.71,456.31
2025-03-04,m1,bakery,1733.56,883.77,269.05
2025-03-04,m1,grocery,10944.61,2447.75,651.82
2025-03-04,m1,dairy,3472.42,815.29,170.29
2025-03-04,m1,frozen,2265.29,604.8,109.47
2025-03-04,m1,floral,512.41,253.09,72.17
2025-03-04,m1,hba,1860.75,718.65,134.42
2025-03-04,m2,produce,3543.07,1204.03,412.27
2025-03-04,m2,meat,2714.63,762.58,308.88
2025-03-04,m2,seafood,799.42,234.45,92.35
2025-03-04,m2,deli,2131.57,970.14,398.72
2025-03-04,m2,bakery,1409.58,720.3,233.09
2025-03-04,m2,grocery,9642.73,2102.86,574.04
2025-03-04,m2,dairy,2943.42,715.41,142.69
2025-03-04,m2,frozen,2045.62,565.52,103.03
2025-03-04,m2,floral,444.13,219.5,59.92
2025-03-04,m2,hba,1598.2,602.03,111.42
2025-03-04,m3,produce,4577.58,1597.32,564.02
2025-03-04,m3,meat,3682.48,1029.68,393.23
2025-03-04,m3,seafood,1022.5,311.65,126.79
2025-03-04,m3,deli,3030.59,1329.71,562.77
2025-03-04,m3,bakery,1998.39,991.39,323.56
2025-03-04,m3,grocery,12387.88,2715.29,743.79
2025-03-04,m3,dairy,3994.6,984.29,193.29
2025-03-04,m3,frozen,2607.87,697.41,131.06
2025-03-04,m3,floral,617.56,297.85,88.84
2025-03-04,m3,hba,2096.37,788.15,144.62
2025-03-04,m4,produce,2721.55,932.15,334.79
2025-03-04,m4,meat,2343.48,675.43,251.82
2025-03-04,m4,seafood,643.97,194.06,77.99
2025-03-04,m4,deli,1696.73,753.67,296.09
2025-03-04,m4,bakery,1177.88,586.78,194.27
2025-03-04,m4,grocery,7471.07,1684.83,465.79
2025-03-04,m4,dairy,2471.36,608.23,125.21
2025-03-04,m4,frozen,1562.07,414.34,80.22
2025-03-04,m4,floral,370.75,172.92,53.58
2025-03-04,m4,hba,1344.59,512.17,96.37
2025-03-04,m5,produce,3627.99,1295.13,418.84
2025-03-04,m5,meat,3015.28,866.66,333.57
2025-03-04,m5,seafood,892.53,268.1,109.94
2025-03-04,m5,deli,2349.6,1032.56,429.91
2025-03-04,m5,bakery,1691.92,843.14,269.24
2025-03-04,m5,grocery,10112.98,2273.51,630.71
2025-03-04,m5,dairy,3346.85,784.76,165.38
2025-03-04,m5,frozen,2106.33,578.72,107.23
2025-03-04,m5,floral,482.18,231.54,66.3
2025-03-04,m5,hba,1767.36,672.12,126.46
2025-03-04,m6,produce,4305.2,1490.08,534.18
2025-03-04,m6,meat,3411.75,980.07,384.13
2025-03-04,m6,seafood,946.52,289.77,115.05
2025-03-04,m6,deli,2751.4,1203.63,500.58
2025-03-04,m6,bakery,1718.76,840.65,272.28
2025-03-04,m6,grocery,11956.14,2657.71,703.9
2025-03-04,m6,dairy,3489.38,853.22,177.73
2025-03-04,m6,frozen,2377.52,630.32,122.45
2025-03-04,m6,floral,566.76,277.87,80.93
2025-03-04,m6,hba,1832.42,678.24,128.86
2025-03-05,m1,produce,4290.04,1472.51,511.43
2025-03-05,m1,meat,3548.42,986.42,392.95
2025-03-05,m1,seafood,1163.55,348.74,141.38
2025-03-05,m1,deli,2666.46,1185.52,469.67
2025-03-05,m1,bakery,1854.41,926.38,303.75
2025-03-05,m1,grocery,11684.9,2548.64,700.03
2025-03-05,m1,dairy,3579.68,839.14,184.44
2025-03-05,m1,frozen,2589.42,690.22,134.33
2025-03-05,m1,floral,620.24,300.62,84.16
2025-03-05,m1,hba,1982.41,745.13,134.48
2025-03-05,m2,produce,3829.98,1356.97,469.66
2025-03-05,m2,meat,3084.33,879.4,338.98
2025-03-05,m2,seafood,967.0,285.48,114.1
2025-03-05,m2,deli,2343.16,1079.08,431.31
2025-03-05,m2,bakery,1539.02,782.06,241.55
2025-03-05,m2,grocery,9857.28,2154.47,588.69
2025-03-05,m2,dairy,3138.53,771.88,154.02
2025-03-05,m2,frozen,2195.26,587.03,112.56
2025-03-05,m2,floral,526.3,251.26,74.11
2025-03-05,m2,hba,1634.62,610.21,115.57
2025-03-05,m3,produce,5309.25,1870.87,628.43
2025-03-05,m3,meat,4223.58,1148.54,472.85
2025-03-05,m3,seafood,1359.82,397.92,165.85
2025-03-05,m3,deli,3298.37,1508.03,596.22
2025-03-05,m3,bakery,2211.59,1107.03,349.95
2025-03-05,m3,grocery,13174.42,2838.72,792.72
2025-03-05,m3,dairy,4444.01,1049.24,227.56
2025-03-05,m3,frozen,3023.05,807.97,147.71
2025-03-05,m3,floral,742.89,366.0,100.14
2025-03-05,m3,hba,2178.03,849.52,147.61
2025-03-05,m4,produce,3061.61,1070.59,357.31
2025-03-05,m4,meat,2493.66,686.91,280.28
2025-03-05,m4,seafood,783.12,231.73,91.15
2025-03-05,m4,deli,1982.99,900.66,346.41
2025-03-05,m4,bakery,1357.53,669.4,209.99
2025-03-05,m4,grocery,7916.23,1764.78,484.94
2025-03-05,m4,dairy,2589.03,603.28,132.87
2025-03-05,m4,frozen,1786.07,472.16,90.99
2025-03-05,m4,floral,454.81,214.31,64.21
2025-03-05,m4,hba,1366.45,513.76,95.75
2025-03-05,m5,produce,3997.83,1380.27,468.33
2025-03-05,m5,meat,3371.41,952.83,370.01
2025-03-05,m5,seafood,1067.6,312.46,132.9
2025-03-05,m5,deli,2632.82,1183.59,489.36
2025-03-05,m5,bakery,1805.07,888.7,277.66
2025-03-05,m5,grocery,11218.29,2452.27,666.24
2025-03-05,m5,dairy,3560.18,834.36,174.08
2025-03-05,m5,frozen,2512.78,674.27,122.95
2025-03-05,m5,floral,591.89,285.18,83.81
2025-03-05,m5,hba,1858.29,719.27,135.03
2025-03-05,m6,produce,4452.04,1527.29,549.84
2025-03-05,m6,meat,3812.37,1051.45,407.33
2025-03-05,m6,seafood,1219.17,365.17,148.91
2025-03-05,m6,deli,2911.6,1289.18,535.3
2025-03-05,m6,bakery,1939.16,958.61,306.24
2025-03-05,m6,grocery,11969.5,2605.08,721.92
2025-03-05,m6,dairy,3880.08,903.59,196.96
2025-03-05,m6,frozen,2718.91,747.09,136.44
2025-03-05,m6,floral,650.43,315.05,89.76
2025-03-05,m6,hba,2132.53,811.06,153.56
2025-03-06,m1,produce,5058.07,1725.87,587.79
2025-03-06,m1,meat,4448.34,1236.25,499.37
2025-03-06,m1,seafood,1441.65,438.94,168.38
2025-03-06,m1,deli,2965.52,1372.27,514.11
2025-03-06,m1,bakery,2050.28,1004.89,336.0
2025-03-06,m1,grocery,11797.1,2634.14,710.49
2025-03-06,m1,dairy,3692.65,875.43,183.68
2025-03-06,m1,frozen,2679.17,741.69,135.85
2025-03-06,m1,floral,805.23,389.18,111.57
2025-03-06,m1,hba,2019.31,750.83,141.61
2025-03-06,m2,produce,3976.36,1401.25,485.35
2025-03-06,m2,meat,3714.41,1024.51,407.37
2025-03-06,m2,seafood,1323.58,407.25,161.63
2025-03-06,m2,deli,2625.91,1155.8,473.59
2025-03-06,m2,bakery,1813.9,880.28,288.28
2025-03-06,m2,grocery,9689.33,2076.28,603.54
2025-03-06,m2,dairy,3110.99,732.65,157.96
2025-03-06,m2,frozen,2333.92,623.77,112.6
2025-03-06,m2,floral,680.77,320.03,94.17
2025-03-06,m2,hba,1701.02,635.76,120.3
2025-03-06,m3,produce,5780.82,1995.92,711.5
2025-03-06,m3,meat,5200.28,1463.46,563.14
2025-03-06,m3,seafood,1737.24,518.15,204.38
2025-03-06,m3,deli,3445.84,1565.45,599.29
2025-03-06,m3,bakery,2293.26,1162.5,360.46
2025-03-06,m3,grocery,13262.04,2848.03,814.62
2025-03-06,m3,dairy,4327.16,1055.1,213.42
2025-03-06,m3,frozen,3231.34,877.29,158.69
2025-03-06,m3,floral,952.33,467.3,135.12
2025-03-06,m3,hba,2281.76,849.8,163.34
2025-03-06,m4,produce,3539.41,1208.42,435.04
2025-03-06,m4,meat,2945.08,808.04,333.67
2025-03-06,m4,seafood,1026.0,315.11,118.71
2025-03-06,m4,deli,2091.34,937.7,381.41
2025-03-06,m4,bakery,1421.16,710.59,220.42
2025-03-06,m4,grocery,8318.29,1816.55,494.53
2025-03-06,m4,dairy,2604.46,618.01,130.45
2025-03-06,m4,frozen,1920.7,530.52,98.66
2025-03-06,m4,floral,588.01,289.79,84.52
2025-03-06,m4,hba,1422.03,551.39,100.02
2025-03-06,m5,produce,4574.97,1629.0,557.14
2025-03-06,m5,meat,4167.36,1162.34,452.84
2025-03-06,m5,seafood,1350.18,401.79,161.58
2025-03-06,m5,deli,2883.14,1315.2,507.08
2025-03-06,m5,bakery,1974.38,1016.68,327.01
2025-03-06,m5,grocery,11089.72,2392.75,678.56
2025-03-06,m5,dairy,3370.27,806.05,168.86
2025-03-06,m5,frozen,2470.21,659.37,119.5
2025-03-06,m5,floral,753.24,356.21,109.01
2025-03-06,m5,hba,1910.14,705.54,131.3
2025-03-06,m6,produce,5050.8,1719.4,615.58
2025-03-06,m6,meat,4466.41,1260.0,509.82
2025-03-06,m6,seafood,1617.33,495.77,200.72
2025-03-06,m6,deli,3289.15,1491.86,591.59
2025-03-06,m6,bakery,2163.48,1106.08,353.1
2025-03-06,m6,grocery,12784.14,2734.58,738.14
2025-03-06,m6,dairy,4071.11,956.73,207.4
2025-03-06,m6,frozen,2978.77,786.49,147.98
2025-03-06,m6,floral,872.77,407.77,123.53
2025-03-06,m6,hba,1997.47,740.71,140.32
2025-03-07,m1,produce,6738.08,2315.06,815.94
2025-03-07,m1,meat,6225.96,1778.55,703.93
2025-03-07,m1,seafood,2253.37,684.5,279.18
2025-03-07,m1,deli,3704.69,1711.55,667.72
2025-03-07,m1,bakery,2696.2,1340.27,443.05
2025-03-07,m1,grocery,13860.71,2969.76,853.27
2025-03-07,m1,dairy,4304.71,1047.32,208.07
2025-03-07,m1,frozen,3347.67,891.7,163.35
2025-03-07,m1,floral,1033.54,486.36,147.55
2025-03-07,m1,hba,2373.05,874.88,163.11
2025-03-07,m2,produce,5381.7,1865.68,649.33
2025-03-07,m2,meat,5669.99,1593.9,621.85
2025-03-07,m2,seafood,1876.3,549.06,229.29
2025-03-07,m2,deli,3023.74,1368.12,564.55
2025-03-07,m2,bakery,2253.61,1146.33,352.43
2025-03-07,m2,grocery,11439.71,2453.51,698.7
2025-03-07,m2,dairy,3565.79,873.11,180.32
2025-03-07,m2,frozen,2976.61,788.79,151.88
2025-03-07,m2,floral,845.78,395.09,120.36
2025-03-07,m2,hba,1888.34,702.09,130.23
2025-03-07,m3,produce,7188.93,2469.06,889.14
2025-03-07,m3,meat,7280.56,2013.47,813.52
2025-03-07,m3,seafood,2577.66,772.83,311.27
2025-03-07,m3,deli,4159.87,1887.87,745.76
2025-03-07,m3,bakery,3008.71,1534.3,463.55
2025-03-07,m3,grocery,16198.56,3539.24,974.86
2025-03-07,m3,dairy,4806.45,1167.54,237.38
2025-03-07,m3,frozen,3992.11,1097.03,194.93
2025-03-07,m3,floral,1211.64,581.72,174.11
2025-03-07,m3,hba,2717.51,1007.3,194.39
2025-03-07,m4,produce,4390.38,1533.66,507.1
2025-03-07,m4,meat,4403.34,1244.65,472.22
2025-03-07,m4,seafood,1548.97,467.11,183.98
2025-03-07,m4,deli,2539.56,1148.86,440.07
2025-03-07,m4,bakery,1844.09,929.21,303.77
2025-03-07,m4,grocery,9071.15,1986.24,537.07
2025-03-07,m4,dairy,3057.39,716.17,157.92
2025-03-07,m4,frozen,2311.05,622.74,112.65
2025-03-07,m4,floral,688.5,336.61,96.05
2025-03-07,m4,hba,1619.05,612.84,112.42
2025-03-07,m5,produce,6310.01,2175.72,749.52
2025-03-07,m5,meat,6114.29,1730.34,661.82
2025-03-07,m5,seafood,2283.38,700.53,279.77
2025-03-07,m5,deli,3629.02,1633.74,649.09
2025-03-07,m5,bakery,2520.55,1294.6,400.09
2025-03-07,m5,grocery,12337.59,2716.26,765.27
2025-03-07,m5,dairy,4246.92,1047.71,219.87
2025-03-07,m5,frozen,3101.94,861.27,158.22
2025-03-07,m5,floral,945.0,449.06,137.17
2025-03-07,m5,hba,2283.28,857.72,163.23
2025-03-07,m6,produce,6952.22,2427.25,811.93
2025-03-07,m6,meat,6526.38,1788.74,739.9
2025-03-07,m6,seafood,2362.37,690.87,277.5
2025-03-07,m6,deli,3742.02,1642.5,659.81
2025-03-07,m6,bakery,2761.64,1409.46,437.42
2025-03-07,m6,grocery,14278.55,3112.01,854.71
2025-03-07,m6,dairy,4603.67,1118.06,237.79
2025-03-07,m6,frozen,3594.6,989.84,182.7
2025-03-07,m6,floral,1113.15,521.36,151.21
2025-03-07,m6,hba,2473.67,919.33,176.94
2025-03-08,m1,produce,9189.41,3278.01,1123.05
2025-03-08,m1,meat,8657.1,2408.55,919.65
2025-03-08,m1,seafood,2866.01,872.21,346.3
2025-03-08,m1,deli,4463.22,2021.53,820.59
2025-03-08,m1,bakery,3738.0,1851.04,613.55
2025-03-08,m1,grocery,16536.23,3692.91,1025.08
2025-03-08,m1,dairy,5240.05,1230.3,255.46
2025-03-08,m1,frozen,4086.88,1099.18,201.72
2025-03-08,m1,floral,1281.97,612.6,176.39
2025-03-08,m1,hba,2723.41,1054.85,183.54
2025-03-08,m2,produce,7856.44,2736.84,917.4
2025-03-08,m2,meat,7549.64,2156.29,828.13
2025-03-08,m2,seafood,2337.17,708.98,271.52
2025-03-08,m2,deli,4043.79,1852.85,699.48
2025-03-08,m2,bakery,3161.17,1587.67,501.09
2025-03-08,m2,grocery,13839.1,3042.07,860.9
2025-03-08,m2,dairy,4346.98,1060.26,213.92
2025-03-08,m2,frozen,3490.81,950.1,175.99
2025-03-08,m2,floral,1105.6,529.1,153.21
2025-03-08,m2,hba,2335.21,878.6,163.92
2025-03-08,m3,produce,10025.95,3569.19,1249.38
2025-03-08,m3,meat,10063.12,2797.97,1122.42
2025-03-08,m3,seafood,3184.41,945.99,395.4
2025-03-08,m3,deli,5327.23,2353.76,982.9
2025-03-08,m3,bakery,4454.85,2221.41,687.03
2025-03-08,m3,grocery,18398.14,3955.68,1102.97
2025-03-08,m3,dairy,5860.66,1439.4,297.4
2025-03-08,m3,frozen,4719.8,1261.92,232.14
2025-03-08,m3,floral,1498.24,721.0,204.36
2025-03-08,m3,hba,3122.45,1152.18,215.5
2025-03-08,m4,produce,6270.48,2207.28,743.86
2025-03-08,m4,meat,5823.07,1653.81,627.66
2025-03-08,m4,seafood,1925.01,563.46,235.19
2025-03-08,m4,deli,3256.41,1459.33,575.59
2025-03-08,m4,bakery,2776.4,1403.94,435.13
2025-03-08,m4,grocery,11821.52,2653.0,722.49
2025-03-08,m4,dairy,3623.92,867.57,175.06
2025-03-08,m4,frozen,2908.41,768.63,150.97
2025-03-08,m4,floral,895.94,439.91,124.25
2025-03-08,m4,hba,2020.82,748.5,146.29
2025-03-08,m5,produce,8605.05,2997.77,993.15
2025-03-08,m5,meat,8659.93,2389.41,964.24
2025-03-08,m5,seafood,2830.28,866.25,337.83
2025-03-08,m5,deli,4194.14,1852.45,740.51
2025-03-08,m5,bakery,3527.37,1765.17,580.37
2025-03-08,m5,grocery,15139.48,3390.43,899.23
2025-03-08,m5,dairy,4893.33,1192.77,243.43
2025-03-08,m5,frozen,4096.68,1124.57,201.18
2025-03-08,m5,floral,1219.96,589.26,176.39
2025-03-08,m5,hba,2663.5,998.32,185.06
2025-03-08,m6,produce,8832.93,3075.63,1028.56
2025-03-08,m6,meat,8945.66,2519.68,1021.49
2025-03-08,m6,seafood,2958.05,872.58,341.28
2025-03-08,m6,deli,4735.99,2075.41,838.01
2025-03-08,m6,bakery,4061.27,2070.47,654.37
2025-03-08,m6,grocery,17404.61,3789.67,1035.01
2025-03-08,m6,dairy,5656.23,1317.79,279.2
2025-03-08,m6,frozen,4350.94,1170.83,216.88
2025-03-08,m6,floral,1357.8,640.43,193.1
2025-03-08,m6,hba,2942.36,1101.71,198.26
2025-03-09,m1,produce,7485.54,2693.46,907.71
2025-03-09,m1,meat,6216.6,1724.49,667.83
2025-03-09,m1,seafood,1925.44,573.1,227.2
2025-03-09,m1,deli,3604.97,1639.22,624.47
2025-03-09,m1,bakery,3311.92,1622.85,523.62
2025-03-09,m1,grocery,14438.59,3270.99,833.28
2025-03-09,m1,dairy,4808.31,1157.9,240.24
2025-03-09,m1,frozen,3277.41,907.26,159.04
2025-03-09,m1,floral,928.03,454.8,125.74
2025-03-09,m1,hba,2379.55,930.93,167.51
2025-03-09,m2,produce,5948.66,2039.45,729.69
2025-03-09,m2,meat,5375.04,1496.08,586.93
2025-03-09,m2,seafood,1600.16,477.69,193.54
2025-03-09,m2,deli,3065.49,1368.15,534.38
2025-03-09,m2,bakery,2887.4,1483.56,471.66
2025-03-09,m2,grocery,12132.23,2674.8,721.65
2025-03-09,m2,dairy,4042.46,969.89,201.54
2025-03-09,m2,frozen,2955.05,795.44,152.76
2025-03-09,m2,floral,755.31,357.94,106.02
2025-03-09,m2,hba,2046.71,776.07,139.51
2025-03-09,m3,produce,8654.1,3007.74,1051.21
2025-03-09,m3,meat,7442.49,2072.68,827.61
2025-03-09,m3,seafood,2136.96,627.19,258.9
2025-03-09,m3,deli,4434.43,2007.42,813.02
2025-03-09,m3,bakery,3929.32,1944.03,616.11
2025-03-09,m3,grocery,16834.72,3697.4,977.03
2025-03-09,m3,dairy,5211.16,1268.91,268.55
2025-03-09,m3,frozen,3931.4,1064.79,202.29
2025-03-09,m3,floral,1092.92,513.94,151.41
2025-03-09,m3,hba,2921.3,1088.46,211.64
2025-03-09,m4,produce,5274.85,1826.56,622.5
2025-03-09,m4,meat,4495.69,1236.67,492.99
2025-03-09,m4,seafood,1252.7,378.14,156.21
2025-03-09,m4,deli,2647.25,1225.06,476.51
2025-03-09,m4,bakery,2200.72,1107.23,347.36
2025-03-09,m4,grocery,10604.27,2285.24,634.33
2025-03-09,m4,dairy,3362.32,783.08,161.83
2025-03-09,m4,frozen,2398.39,661.83,124.67
2025-03-09,m4,floral,666.02,311.45,92.62
2025-03-09,m4,hba,1672.84,643.92,113.55
2025-03-09,m5,produce,7059.27,2492.55,849.43
2025-03-09,m5,meat,5590.2,1563.45,626.04
2025-03-09,m5,seafood,1708.46,509.41,210.3
2025-03-09,m5,deli,3582.93,1599.1,656.1
2025-03-09,m5,bakery,3111.12,1569.52,494.93
2025-03-09,m5,grocery,13292.0,2862.13,782.37
2025-03-09,m5,dairy,4503.28,1097.23,218.17
2025-03-09,m5,frozen,3092.51,830.61,152.64
2025-03-09,m5,floral,908.31,443.72,124.21
2025-03-09,m5,hba,2232.39,855.54,150.94
2025-03-09,m6,produce,7895.43,2762.0,928.1
2025-03-09,m6,meat,6331.94,1751.17,693.43
2025-03-09,m6,seafood,1983.63,602.21,239.33
2025-03-09,m6,deli,3892.85,1779.25,680.98
2025-03-09,m6,bakery,3361.97,1652.85,532.36
2025-03-09,m6,grocery,15055.48,3270.71,935.47
2025-03-09,m6,dairy,4655.82,1126.37,232.33
2025-03-09,m6,frozen,3513.8,937.05,179.12
2025-03-09,m6,floral,982.92,461.79,135.32
2025-03-09,m6,hba,2541.19,973.58,171.17
2025-03-10,m1,produce,4372.26,1538.03,514.57
2025-03-10,m1,meat,3749.64,1065.36,428.83
2025-03-10,m1,seafood,918.06,277.37,107.26
2025-03-10,m1,deli,2737.04,1206.24,506.56
2025-03-10,m1,bakery,1875.99,930.93,308.93
2025-03-10,m1,grocery,11905.09,2567.12,715.75
2025-03-10,m1,dairy,3642.84,895.11,175.06
2025-03-10,m1,frozen,2662.57,712.09,131.1
2025-03-10,m1,floral,563.27,266.77,80.61
2025-03-10,m1,hba,2066.12,792.19,142.97
2025-03-10,m2,produce,3775.7,1354.22,467.81
2025-03-10,m2,meat,3224.25,921.52,362.7
2025-03-10,m2,seafood,789.67,233.04,92.5
2025-03-10,m2,deli,2402.11,1074.37,418.5
2025-03-10,m2,bakery,1597.07,777.8,256.62
2025-03-10,m2,grocery,10169.5,2269.68,628.36
2025-03-10,m2,dairy,3350.85,782.78,168.44
2025-03-10,m2,frozen,2111.76,561.83,107.61
2025-03-10,m2,floral,501.69,242.99,68.8
2025-03-10,m2,hba,1739.19,659.15,117.27
2025-03-10,m3,produce,5185.15,1820.46,601.88
2025-03-10,m3,meat,4088.02,1167.36,433.99
2025-03-10,m3,seafood,1108.77,333.08,128.38
2025-03-10,m3,deli,3110.3,1406.83,563.49
2025-03-10,m3,bakery,2190.36,1097.61,358.35
2025-03-10,m3,grocery,13462.72,2985.59,788.15
2025-03-10,m3,dairy,4163.73,974.32,203.15
2025-03-10,m3,frozen,2943.37,781.12,147.02
2025-03-10,m3,floral,670.74,323.54,96.62
2025-03-10,m3,hba,2219.53,862.98,158.81
2025-03-10,m4,produce,3026.81,1078.82,366.54
2025-03-10,m4,meat,2556.73,694.43,286.97
2025-03-10,m4,seafood,655.32,196.51,76.6
2025-03-10,m4,deli,1947.66,877.2,363.24
2025-03-10,m4,bakery,1311.23,670.06,205.59
2025-03-10,m4,grocery,8158.34,1801.43,482.01
2025-03-10,m4,dairy,2619.74,646.74,135.66
2025-03-10,m4,frozen,1781.84,475.88,92.47
2025-03-10,m4,floral,404.27,190.13,54.63
2025-03-10,m4,hba,1396.07,524.29,101.05
2025-03-10,m5,produce,4213.07,1486.77,507.13
2025-03-10,m5,meat,3374.49,960.66,379.0
2025-03-10,m5,seafood,855.19,256.59,101.15
2025-03-10,m5,deli,2649.36,1163.81,469.26
2025-03-10,m5,bakery,1835.81,921.81,285.61
2025-03-10,m5,grocery,10937.35,2444.68,671.25
2025-03-10,m5,dairy,3702.84,894.55,180.06
2025-03-10,m5,frozen,2531.8,703.32,128.14
2025-03-10,m5,floral,566.17,276.32,77.8
2025-03-10,m5,hba,1990.2,755.0,143.28
2025-03-10,m6,produce,4591.18,1572.69,543.61
2025-03-10,m6,meat,3795.68,1078.43,415.84
2025-03-10,m6,seafood,965.85,287.91,115.13
2025-03-10,m6,deli,2995.92,1340.41,559.49
2025-03-10,m6,bakery,1977.68,1006.96,328.45
2025-03-10,m6,grocery,12853.13,2746.16,783.79
2025-03-10,m6,dairy,3838.11,933.12,188.76
2025-03-10,m6,frozen,2642.23,705.78,135.19
2025-03-10,m6,floral,597.6,287.88,81.65
2025-03-10,m6,hba,2048.34,778.51,147.47
2025-03-11,m1,produce,3895.26,1342.33,460.91
2025-03-11,m1,meat,3294.96,934.84,361.57
2025-03-11,m1,seafood,970.45,283.2,117.94
2025-03-11,m1,deli,2596.52,1197.1,466.89
2025-03-11,m1,bakery,1699.51,855.2,269.2
2025-03-11,m1,grocery,10566.92,2344.2,622.66
2025-03-11,m1,dairy,3430.07,844.14,166.17
2025-03-11,m1,frozen,2250.83,616.83,110.96
2025-03-11,m1,floral,535.66,255.79,72.9
2025-03-11,m1,hba,1788.77,671.53,122.21
2025-03-11,m2,produce,3304.48,1138.89,398.85
2025-03-11,m2,meat,2880.17,794.87,317.6
2025-03-11,m2,seafood,771.33,224.76,94.58
2025-03-11,m2,deli,2072.77,948.75,379.41
2025-03-11,m2,bakery,1449.58,740.16,239.45
2025-03-11,m2,grocery,9304.06,2094.12,544.14
2025-03-11,m2,dairy,2944.77,705.08,145.27
2025-03-11,m2,frozen,2021.11,552.38,99.08
2025-03-11,m2,floral,454.09,211.73,61.64
2025-03-11,m2,hba,1561.47,589.67,109.18
2025-03-11,m3,produce,4452.13,1560.9,551.91
2025-03-11,m3,meat,3801.57,1033.54,416.07
2025-03-11,m3,seafood,1015.93,304.86,124.82
2025-03-11,m3,deli,3015.99,1356.55,546.13
2025-03-11,m3,bakery,2025.23,1026.86,325.73
2025-03-11,m3,grocery,13256.59,2965.55,797.42
2025-03-11,m3,dairy,4116.09,1008.39,199.02
2025-03-11,m3,frozen,2800.22,761.05,145.53
2025-03-11,m3,floral,614.62,299.74,85.57
2025-03-11,m3,hba,2084.04,789.62,150.32
2025-03-11,m4,produce,2906.09,1026.31,336.82
2025-03-11,m4,meat,2345.33,650.38,258.56
2025-03-11,m4,seafood,661.24,202.18,78.92
2025-03-11,m4,deli,1698.69,767.84,293.69
2025-03-11,m4,bakery,1256.33,610.03,196.59
2025-03-11,m4,grocery,7647.76,1658.16,448.69
2025-03-11,m4,dairy,2475.27,587.88,123.35
2025-03-11,m4,frozen,1662.44,456.13,83.62
2025-03-11,m4,floral,359.62,176.55,51.83
2025-03-11,m4,hba,1252.42,483.72,85.61
2025-03-11,m5,produce,3729.29,1268.15,451.16
2025-03-11,m5,meat,3244.7,923.75,358.06
2025-03-11,m5,seafood,920.47,273.28,108.83
2025-03-11,m5,deli,2355.87,1041.62,417.37
2025-03-11,m5,bakery,1638.33,807.92,271.28
2025-03-11,m5,grocery,10159.64,2215.72,591.89
2025-03-11,m5,dairy,3433.36,821.02,176.26
2025-03-11,m5,frozen,2191.74,589.78,111.73
2025-03-11,m5,floral,507.13,241.68,70.7
2025-03-11,m5,hba,1743.13,650.69,120.85
2025-03-11,m6,produce,4391.31,1499.41,513.26
2025-03-11,m6,meat,3610.02,1024.42,385.08
2025-03-11,m6,seafood,998.09,292.61,119.67
2025-03-11,m6,deli,2704.15,1235.1,479.62
2025-03-11,m6,bakery,1768.22,909.85,289.7
2025-03-11,m6,grocery,11393.89,2469.85,662.41
2025-03-11,m6,dairy,3633.5,846.26,186.08
2025-03-11,m6,frozen,2428.62,669.79,120.02
2025-03-11,m6,floral,571.78,280.0,79.63
2025-03-11,m6,hba,2013.94,756.14,146.61
2025-03-12,m1,produce,4274.8,1509.07,508.45
2025-03-12,m1,meat,3658.01,1051.98,395.13
2025-03-12,m1,seafood,1175.55,348.93,137.01
2025-03-12,m1,deli,2710.56,1224.48,473.38
2025-03-12,m1,bakery,1845.69,933.65,301.51
2025-03-12,m1,grocery,11399.49,2553.39,704.02
2025-03-12,m1,dairy,3825.66,911.09,189.98
2025-03-12,m1,frozen,2461.36,651.5,127.36
2025-03-12,m1,floral,666.81,324.72,95.67
2025-03-12,m1,hba,1944.1,755.56,131.83
2025-03-12,m2,produce,3663.13,1281.91,432.76
2025-03-12,m2,meat,3157.32,905.74,340.78
2025-03-12,m2,seafood,967.09,295.06,114.49
2025-03-12,m2,deli,2455.19,1073.96,455.09
2025-03-12,m2,bakery,1691.96,822.96,268.05
2025-03-12,m2,grocery,10234.11,2254.91,597.25
2025-03-12,m2,dairy,3045.06,748.23,147.29
2025-03-12,m2,frozen,2272.12,599.2,113.38
2025-03-12,m2,floral,567.77,278.35,79.72
2025-03-12,m2,hba,1644.43,628.75,116.37
2025-03-12,m3,produce,5032.45,1758.13,623.36
2025-03-12,m3,meat,4061.94,1148.01,442.01
2025-03-12,m3,seafood,1347.39,409.46,161.4
2025-03-12,m3,deli,3276.93,1505.76,575.52
2025-03-12,m3,bakery,2136.51,1044.53,353.94
2025-03-12,m3,grocery,13334.79,2860.11,774.15
2025-03-12,m3,dairy,4288.18,1053.06,207.64
2025-03-12,m3,frozen,2850.71,755.13,144.35
2025-03-12,m3,floral,720.18,355.52,102.18
2025-03-12,m3,hba,2313.83,883.33,166.94
2025-03-12,m4,produce,3203.24,1096.36,381.99
2025-03-12,m4,meat,2609.36,734.1,297.01
2025-03-12,m4,seafood,773.16,237.6,91.93
2025-03-12,m4,deli,1858.28,821.07,325.99
2025-03-12,m4,bakery,1290.27,627.1,211.31
2025-03-12,m4,grocery,8063.69,1755.12,486.61
2025-03-12,m4,dairy,2631.28,625.59,132.92
2025-03-12,m4,frozen,1840.61,499.27,91.68
2025-03-12,m4,floral,433.3,209.5,60.88
2025-03-12,m4,hba,1351.9,506.92,96.67
2025-03-12,m5,produce,4416.74,1530.77,546.65
2025-03-12,m5,meat,3399.81,969.48,373.6
2025-03-12,m5,seafood,1105.94,335.03,134.5
2025-03-12,m5,deli,2599.7,1171.2,451.59
2025-03-12,m5,bakery,1791.48,903.39,297.29
2025-03-12,m5,grocery,10903.19,2359.43,651.96
2025-03-12,m5,dairy,3437.72,827.55,169.08
2025-03-12,m5,frozen,2511.61,670.28,124.94
2025-03-12,m5,floral,634.62,297.0,91.46
2025-03-12,m5,hba,1908.53,720.78,138.31
2025-03-12,m6,produce,4916.63,1689.32,606.04
2025-03-12,m6,meat,3744.8,1018.14,419.62
2025-03-12,m6,seafood,1198.64,361.77,139.83
2025-03-12,m6,deli,3024.44,1363.04,557.48
2025-03-12,m6,bakery,1979.5,973.74,328.05
2025-03-12,m6,grocery,12557.46,2741.83,729.35
2025-03-12,m6,dairy,3821.13,924.46,192.86
2025-03-12,m6,frozen,2767.94,758.6,134.54
2025-03-12,m6,floral,698.61,337.54,100.61
2025-03-12,m6,hba,2061.71,805.03,149.5
2025-03-13,m1,produce,4766.6,1708.44,593.59
2025-03-13,m1,meat,4575.56,1278.7,488.66
2025-03-13,m1,seafood,1572.01,457.46,184.89
2025-03-13,m1,deli,3028.84,1347.57,563.64
2025-03-13,m1,bakery,2108.85,1083.48,325.52
2025-03-13,m1,grocery,11815.83,2543.92,727.24
2025-03-13,m1,dairy,3864.68,944.61,200.2
2025-03-13,m1,frozen,2689.94,738.76,136.07
2025-03-13,m1,floral,802.1,377.92,115.3
2025-03-13,m1,hba,1921.79,750.58,132.12
2025-03-13,m2,produce,4298.16,1470.37,525.67
2025-03-13,m2,meat,3908.16,1071.42,427.95
2025-03-13,m2,seafood,1302.17,396.76,150.14
2025-03-13,m2,deli,2462.26,1095.46,429.12
2025-03-13,m2,bakery,1795.26,896.07,290.93
2025-03-13,m2,grocery,9930.4,2135.52,607.4
2025-03-13,m2,dairy,3185.7,744.86,165.39
2025-03-13,m2,frozen,2443.23,653.39,119.93
2025-03-13,m2,floral,722.93,344.54,104.38
2025-03-13,m2,hba,1640.74,622.23,115.63
2025-03-13,m3,produce,5805.98,2055.43,713.13
2025-03-13,m3,meat,5193.4,1430.13,553.13
2025-03-13,m3,seafood,1818.11,548.81,219.9
2025-03-13,m3,deli,3416.24,1571.38,623.04
2025-03-13,m3,bakery,2478.8,1273.85,394.12
2025-03-13,m3,grocery,13900.38,3125.09,819.36
2025-03-13,m3,dairy,4426.83,1048.15,216.94
2025-03-13,m3,frozen,3177.68,853.84,163.16
2025-03-13,m3,floral,977.63,457.52,132.5
2025-03-13,m3,hba,2379.9,890.4,166.53
2025-03-13,m4,produce,3436.95,1214.89,399.37
2025-03-13,m4,meat,3168.12,898.17,350.18
2025-03-13,m4,seafood,1089.79,324.5,130.97
2025-03-13,m4,deli,2198.09,982.17,398.87
2025-03-13,m4,bakery,1472.87,749.41,244.22
2025-03-13,m4,grocery,8408.99,1807.52,515.2
2025-03-13,m4,dairy,2598.83,630.18,134.14
2025-03-13,m4,frozen,1917.62,514.46,97.76
2025-03-13,m4,floral,558.99,272.95,80.46
2025-03-13,m4,hba,1415.93,538.79,102.61
2025-03-13,m5,produce,4767.09,1681.31,584.76
2025-03-13,m5,meat,4252.82,1156.9,470.31
2025-03-13,m5,seafood,1362.64,419.73,158.27
2025-03-13,m5,deli,2981.82,1366.12,546.56
2025-03-13,m5,bakery,2050.22,1009.95,336.39
2025-03-13,m5,grocery,11149.91,2522.68,655.55
2025-03-13,m5,dairy,3557.49,830.63,177.28
2025-03-13,m5,frozen,2751.77,732.42,140.82
2025-03-13,m5,floral,748.0,364.87,105.12
2025-03-13,m5,hba,1873.65,707.77,129.57
2025-03-13,m6,produce,5270.06,1882.67,650.45
2025-03-13,m6,meat,4545.49,1281.63,509.6
2025-03-13,m6,seafood,1634.49,482.33,201.3
2025-03-13,m6,deli,3036.55,1384.65,552.68
2025-03-13,m6,bakery,2148.57,1074.1,335.14
2025-03-13,m6,grocery,12371.97,2683.4,754.63
2025-03-13,m6,dairy,3894.25,951.77,200.88
2025-03-13,m6,frozen,2972.96,824.82,146.54
2025-03-13,m6,floral,818.4,394.76,118.32
2025-03-13,m6,hba,2150.65,820.21,153.64
2025-03-14,m1,produce,6512.3,2265.35,793.71
2025-03-14,m1,meat,6404.32,1749.16,710.0
2025-03-14,m1,seafood,2404.29,717.16,283.05
2025-03-14,m1,deli,3787.17,1707.58,676.06
2025-03-14,m1,bakery,2716.38,1325.89,450.48
2025-03-14,m1,grocery,14189.7,3194.3,837.35
2025-03-14,m1,dairy,4374.75,1023.62,227.48
2025-03-14,m1,frozen,3378.68,887.11,169.58
2025-03-14,m1,floral,1060.1,501.94,148.35
2025-03-14,m1,hba,2394.17,936.16,164.18
2025-03-14,m2,produce,5363.18,1893.77,628.96
2025-03-14,m2,meat,5339.16,1471.97,564.79
2025-03-14,m2,seafood,1991.52,609.57,237.35
2025-03-14,m2,deli,3167.21,1431.06,566.1
2025-03-14,m2,bakery,2292.67,1151.9,370.56
2025-03-14,m2,grocery,12147.81,2749.35,743.26
2025-03-14,m2,dairy,3769.0,930.71,193.02
2025-03-14,m2,frozen,2820.18,755.52,145.52
2025-03-14,m2,floral,924.96,439.19,128.01
2025-03-14,m2,hba,2059.63,765.5,148.33
2025-03-14,m3,produce,7823.38,2696.6,941.68
2025-03-14,m3,meat,7311.92,2106.43,822.6
2025-03-14,m3,seafood,2666.49,798.78,315.2
2025-03-14,m3,deli,4394.19,1989.74,804.88
2025-03-14,m3,bakery,3062.78,1544.71,492.16
2025-03-14,m3,grocery,16587.9,3641.74,1001.19
2025-03-14,m3,dairy,4772.72,1153.62,238.58
2025-03-14,m3,frozen,3883.0,1076.92,189.05
2025-03-14,m3,floral,1206.22,581.03,162.89
2025-03-14,m3,hba,2623.9,1019.07,178.5
2025-03-14,m4,produce,4623.89,1576.16,564.58
2025-03-14,m4,meat,4654.57,1338.26,521.33
2025-03-14,m4,seafood,1656.52,496.68,202.03
2025-03-14,m4,deli,2709.89,1255.02,476.67
2025-03-14,m4,bakery,1815.87,910.03,294.6
2025-03-14,m4,grocery,9466.67,2091.4,585.08
2025-03-14,m4,dairy,3176.72,746.14,159.34
2025-03-14,m4,frozen,2421.88,646.63,116.32
2025-03-14,m4,floral,737.84,358.67,102.13
2025-03-14,m4,hba,1560.19,609.85,110.21
2025-03-14,m5,produce,6181.46,2193.42,755.58
2025-03-14,m5,meat,6115.58,1722.79,686.64
2025-03-14,m5,seafood,2130.53,626.93,258.72
2025-03-14,m5,deli,3520.01,1547.84,612.77
2025-03-14,m5,bakery,2586.73,1299.11,428.74
2025-03-14,m5,grocery,12922.0,2827.08,787.5
2025-03-14,m5,dairy,3977.89,945.72,192.46
2025-03-14,m5,frozen,3181.54,869.7,163.9
2025-03-14,m5,floral,990.47,466.43,137.57
2025-03-14,m5,hba,2140.94,837.26,151.46
2025-03-14,m6,produce,6702.68,2381.38,805.86
2025-03-14,m6,meat,6600.97,1860.04,754.11
2025-03-14,m6,seafood,2325.56,692.36,271.67
2025-03-14,m6,deli,4072.95,1836.03,704.08
2025-03-14,m6,bakery,2705.37,1314.35,446.89
2025-03-14,m6,grocery,14536.32,3266.94,903.98
2025-03-14,m6,dairy,4419.41,1068.35,215.35
2025-03-14,m6,frozen,3467.63,927.57,178.54
2025-03-14,m6,floral,1139.93,550.44,160.54
2025-03-14,m6,hba,2528.04,972.55,182.34
2025-03-15,m1,produce,8632.6,2957.75,1062.35
2025-03-15,m1,meat,8390.93,2284.44,925.78
2025-03-15,m1,seafood,3028.85,932.68,372.39
2025-03-15,m1,deli,4546.64,2020.39,808.51
2025-03-15,m1,bakery,3700.81,1852.46,611.09
2025-03-15,m1,grocery,16504.45,3653.53,1029.67
2025-03-15,m1,dairy,5432.11,1337.95,280.92
2025-03-15,m1,frozen,4268.14,1144.71,212.52
2025-03-15,m1,floral,1225.44,590.13,169.34
2025-03-15,m1,hba,2743.01,1026.05,196.89
2025-03-15,m2,produce,7345.94,2556.31,871.52
2025-03-15,m2,meat,7795.56,2237.91,878.84
2025-03-15,m2,seafood,2562.62,778.36,315.86
2025-03-15,m2,deli,3780.8,1703.38,689.45
2025-03-15,m2,bakery,3191.22,1598.23,513.66
2025-03-15,m2,grocery,14076.88,3077.25,847.75
2025-03-15,m2,dairy,4298.66,1020.56,214.04
2025-03-15,m2,frozen,3501.57,970.62,174.05
2025-03-15,m2,floral,1076.15,503.61,144.92
2025-03-15,m2,hba,2269.79,865.69,160.28
2025-03-15,m3,produce,10059.22,3624.72,1233.25
2025-03-15,m3,meat,10399.34,2946.57,1146.45
2025-03-15,m3,seafood,3177.96,978.95,375.47
2025-03-15,m3,deli,5375.62,2477.12,970.92
2025-03-15,m3,bakery,4458.39,2261.2,715.3
2025-03-15,m3,grocery,18124.97,3940.35,1060.38
2025-03-15,m3,dairy,6273.42,1465.19,321.84
2025-03-15,m3,frozen,5067.47,1387.8,253.86
2025-03-15,m3,floral,1418.33,675.52,201.73
2025-03-15,m3,hba,3328.71,1234.45,241.4
2025-03-15,m4,produce,6489.2,2300.17,752.1
2025-03-15,m4,meat,5980.44,1645.06,665.24
2025-03-15,m4,seafood,1929.13,593.4,226.05
2025-03-15,m4,deli,3305.18,1525.19,571.36
2025-03-15,m4,bakery,2606.61,1327.83,428.11
2025-03-15,m4,grocery,12115.6,2743.33,745.93
2025-03-15,m4,dairy,3602.42,882.1,173.56
2025-03-15,m4,frozen,2866.88,762.27,145.28
2025-03-15,m4,floral,926.1,442.47,130.39
2025-03-15,m4,hba,2017.04,772.28,137.86
2025-03-15,m5,produce,8795.18,3122.02,1036.22
2025-03-15,m5,meat,8523.38,2374.5,931.09
2025-03-15,m5,seafood,2690.33,826.52,331.02
2025-03-15,m5,deli,4397.03,1990.55,799.48
2025-03-15,m5,bakery,3593.87,1818.07,572.68
2025-03-15,m5,grocery,15938.49,3448.18,966.84
2025-03-15,m5,dairy,4761.97,1170.45,237.88
2025-03-15,m5,frozen,3907.59,1044.12,202.31
2025-03-15,m5,floral,1181.13,573.1,171.06
2025-03-15,m5,hba,2614.45,995.65,179.86
2025-03-15,m6,produce,9431.97,3223.64,1097.37
2025-03-15,m6,meat,9543.15,2733.65,1087.56
2025-03-15,m6,seafood,3057.66,917.19,355.97
2025-03-15,m6,deli,5106.73,2293.75,890.48
2025-03-15,m6,bakery,3905.21,1991.63,609.06
2025-03-15,m6,grocery,17788.83,3985.49,1045.28
2025-03-15,m6,dairy,5536.94,1323.93,268.93
2025-03-15,m6,frozen,4503.41,1182.44,232.98
2025-03-15,m6,floral,1373.74,647.09,187.87
2025-03-15,m6,hba,2866.21,1093.66,207.84
2025-03-16,m1,produce,7182.63,2581.86,891.0
2025-03-16,m1,meat,6143.01,1689.15,683.52
2025-03-16,m1,seafood,1833.42,538.58,216.35
2025-03-16,m1,deli,3545.37,1565.17,622.56
2025-03-16,m1,bakery,3353.84,1670.77,552.56
2025-03-16,m1,grocery,14042.18,3042.16,844.46
2025-03-16,m1,dairy,4660.26,1094.53,241.67
2025-03-16,m1,frozen,3247.57,886.56,161.21
2025-03-16,m1,floral,929.96,449.56,126.76
2025-03-16,m1,hba,2578.39,972.17,175.34
2025-03-16,m2,produce,5957.86,2051.93,708.15
2025-03-16,m2,meat,5334.25,1521.7,599.38
2025-03-16,m2,seafood,1515.61,447.17,183.74
2025-03-16,m2,deli,3171.12,1390.52,577.6
2025-03-16,m2,bakery,2921.71,1499.18,472.89
2025-03-16,m2,grocery,12201.63,2703.05,729.15
2025-03-16,m2,dairy,4036.54,979.4,203.65
2025-03-16,m2,frozen,2843.75,790.29,141.68
2025-03-16,m2,floral,820.81,385.79,115.25
2025-03-16,m2,hba,2071.33,770.31,146.58
2025-03-16,m3,produce,8119.86,2921.65,1013.29
2025-03-16,m3,meat,7445.88,2068.34,787.66
2025-03-16,m3,seafood,2196.71,644.94,262.76
2025-03-16,m3,deli,4353.02,1963.74,766.43
2025-03-16,m3,bakery,3759.79,1918.26,594.49
2025-03-16,m3,grocery,17620.86,3858.25,1050.29
2025-03-16,m3,dairy,5453.41,1304.41,270.24
2025-03-16,m3,frozen,3854.62,1029.88,191.17
2025-03-16,m3,floral,1089.6,513.78,149.09
2025-03-16,m3,hba,2754.3,1027.46,198.56
2025-03-16,m4,produce,5190.29,1829.56,642.78
2025-03-16,m4,meat,4386.58,1247.7,478.98
2025-03-16,m4,seafood,1316.18,388.07,153.41
2025-03-16,m4,deli,2493.44,1132.3,441.65
2025-03-16,m4,bakery,2388.1,1213.72,385.87
2025-03-16,m4,grocery,9810.53,2121.69,591.07
2025-03-16,m4,dairy,3132.39,746.55,156.84
2025-03-16,m4,frozen,2302.7,619.6,116.92
2025-03-16,m4,floral,641.35,310.93,88.16
2025-03-16,m4,hba,1772.55,676.13,120.66
2025-03-16,m5,produce,6865.46,2443.55,803.94
2025-03-16,m5,meat,5872.1,1641.09,664.95
2025-03-16,m5,seafood,1695.83,521.91,200.51
2025-03-16,m5,deli,3674.28,1664.57,673.82
2025-03-16,m5,bakery,3254.49,1644.45,532.67
2025-03-16,m5,grocery,13362.89,2853.17,825.01
2025-03-16,m5,dairy,4205.33,1030.63,207.13
2025-03-16,m5,frozen,3358.01,890.51,163.21
2025-03-16,m5,floral,855.18,418.88,118.41
2025-03-16,m5,hba,2443.94,933.35,175.57
2025-03-16,m6,produce,7644.25,2708.17,901.88
2025-03-16,m6,meat,6287.35,1767.0,713.79
2025-03-16,m6,seafood,1878.52,560.69,226.0
2025-03-16,m6,deli,3938.53,1736.0,711.9
2025-03-16,m6,bakery,3456.2,1778.21,561.4
2025-03-16,m6,grocery,16029.71,3627.28,974.39
2025-03-16,m6,dairy,4693.68,1122.76,239.48
2025-03-16,m6,frozen,3438.09,921.65,170.25
2025-03-16,m6,floral,941.05,438.7,133.73
2025-03-16,m6,hba,2677.5,1043.76,188.7
2025-03-17,m1,produce,4618.68,1662.15,574.04
2025-03-17,m1,meat,3679.32,1054.05,420.52
2025-03-17,m1,seafood,959.03,280.27,111.72
2025-03-17,m1,deli,2714.67,1213.8,474.94
2025-03-17,m1,bakery,1998.27,1016.58,324.04
2025-03-17,m1,grocery,12426.76,2704.48,758.22
2025-03-17,m1,dairy,3919.43,917.13,197.58
2025-03-17,m1,frozen,2615.21,685.6,134.85
2025-03-17,m1,floral,572.34,269.27,82.38
2025-03-17,m1,hba,1938.97,727.09,135.95
2025-03-17,m2,produce,3934.16,1376.1,487.43
2025-03-17,m2,meat,2967.5,817.88,321.38
2025-03-17,m2,seafood,780.84,233.31,90.26
2025-03-17,m2,deli,2413.4,1102.96,432.96
2025-03-17,m2,bakery,1550.8,777.78,240.8
2025-03-17,m2,grocery,10579.58,2344.85,646.69
2025-03-17,m2,dairy,3035.14,723.22,156.67
2025-03-17,m2,frozen,2132.43,559.73,108.09
2025-03-17,m2,floral,500.18,237.72,71.72
2025-03-17,m2,hba,1760.63,680.45,122.33
2025-03-17,m3,produce,5029.48,1807.1,614.12
2025-03-17,m3,meat,4225.17,1182.25,456.09
2025-03-17,m3,seafood,1105.74,340.06,128.28
2025-03-17,m3,deli,3238.5,1441.46,583.34
2025-03-17,m3,bakery,2105.42,1072.34,345.12
2025-03-17,m3,grocery,13123.47,2813.44,779.43
2025-03-17,m3,dairy,4164.51,1017.56,212.87
2025-03-17,m3,frozen,3026.29,793.06,145.42
2025-03-17,m3,floral,684.03,335.63,96.66
2025-03-17,m3,hba,2221.59,850.59,160.13
2025-03-17,m4,produce,3098.32,1108.71,380.31
2025-03-17,m4,meat,2457.6,672.52,274.75
2025-03-17,m4,seafood,626.92,190.85,72.71
2025-03-17,m4,deli,1859.86,859.6,321.49
2025-03-17,m4,bakery,1371.95,674.99,211.61
2025-03-17,m4,grocery,7965.22,1733.47,479.03
2025-03-17,m4,dairy,2619.48,617.26,136.09
2025-03-17,m4,frozen,1796.19,475.84,88.29
2025-03-17,m4,floral,411.08,201.64,55.53
2025-03-17,m4,hba,1356.29,500.12,92.48
2025-03-17,m5,produce,4093.82,1402.22,492.91
2025-03-17,m5,meat,3636.31,1030.38,406.49
2025-03-17,m5,seafood,839.97,247.26,99.36
2025-03-17,m5,deli,2761.01,1217.29,502.36
2025-03-17,m5,bakery,1825.88,918.5,292.3
2025-03-17,m5,grocery,11042.39,2418.62,679.74
2025-03-17,m5,dairy,3647.44,876.99,184.63
2025-03-17,m5,frozen,2525.17,671.64,128.83
2025-03-17,m5,floral,524.37,245.09,72.5
2025-03-17,m5,hba,1944.82,744.35,139.6
2025-03-17,m6,produce,4469.8,1589.25,545.65
2025-03-17,m6,meat,3650.38,1037.09,388.31
2025-03-17,m6,seafood,978.06,300.75,116.07
2025-03-17,m6,deli,2961.21,1346.79,514.51
2025-03-17,m6,bakery,1952.12,995.96,311.11
2025-03-17,m6,grocery,12774.47,2807.09,766.45
2025-03-17,m6,dairy,4042.4,959.32,210.19
2025-03-17,m6,frozen,2583.59,701.22,124.45
2025-03-17,m6,floral,597.03,285.97,83.33
2025-03-17,m6,hba,2189.56,849.33,159.06
2025-03-18,m1,produce,4024.95,1442.46,481.15
2025-03-18,m1,meat,3171.69,901.42,346.64
2025-03-18,m1,seafood,879.44,258.12,103.99
2025-03-18,m1,deli,2663.57,1208.11,475.58
2025-03-18,m1,bakery,1647.13,837.96,266.95
2025-03-18,m1,grocery,10605.96,2346.32,620.27
2025-03-18,m1,dairy,3322.27,792.14,161.46
2025-03-18,m1,frozen,2289.74,600.49,113.5
2025-03-18,m1,floral,509.18,251.08,71.57
2025-03-18,m1,hba,1796.42,682.09,128.0
2025-03-18,m2,produce,3410.64,1225.76,398.14
2025-03-18,m2,meat,2927.17,797.96,333.88
2025-03-18,m2,seafood,750.85,222.87,89.93
2025-03-18,m2,deli,2112.85,935.68,393.8
2025-03-18,m2,bakery,1516.27,754.33,233.15
2025-03-18,m2,grocery,9141.1,1969.85,554.19
2025-03-18,m2,dairy,2997.34,716.3,145.33
2025-03-18,m2,frozen,1905.15,507.66,96.97
2025-03-18,m2,floral,455.03,223.19,63.04
2025-03-18,m2,hba,1643.53,608.17,114.56
2025-03-18,m3,produce,4607.03,1584.35,545.16
2025-03-18,m3,meat,3682.0,1053.96,398.95
2025-03-18,m3,seafood,1105.99,341.21,135.76
2025-03-18,m3,deli,2936.14,1327.39,521.36
2025-03-18,m3,bakery,1930.12,943.47,304.42
2025-03-18,m3,grocery,12776.77,2890.35,749.98
2025-03-18,m3,dairy,4018.9,949.32,206.08
2025-03-18,m3,frozen,2673.69,720.59,128.54
2025-03-18,m3,floral,597.94,280.05,85.39
2025-03-18,m3,hba,2149.95,796.46,150.39
2025-03-18,m4,produce,2856.76,1023.32,355.38
2025-03-18,m4,meat,2248.72,627.73,252.85
2025-03-18,m4,seafood,665.17,196.87,77.54
2025-03-18,m4,deli,1839.26,805.77,324.35
2025-03-18,m4,bakery,1228.02,607.64,201.59
2025-03-18,m4,grocery,7661.93,1649.83,451.36
2025-03-18,m4,dairy,2380.17,587.87,120.01
2025-03-18,m4,frozen,1635.24,450.1,82.72
2025-03-18,m4,floral,380.21,183.57,51.61
2025-03-18,m4,hba,1322.86,509.79,90.34
2025-03-18,m5,produce,3952.35,1365.27,485.31
2025-03-18,m5,meat,3100.89,884.85,327.75
2025-03-18,m5,seafood,856.21,251.38,98.84
2025-03-18,m5,deli,2448.82,1119.32,425.93
2025-03-18,m5,bakery,1638.95,839.62,254.84
2025-03-18,m5,grocery,10547.64,2328.18,637.61
2025-03-18,m5,dairy,3374.44,790.81,165.67
2025-03-18,m5,frozen,2161.68,590.88,107.68
2025-03-18,m5,floral,476.78,223.75,69.18
2025-03-18,m5,hba,1688.38,655.74,118.68
2025-03-18,m6,produce,4185.99,1448.86,511.18
2025-03-18,m6,meat,3471.21,979.45,386.3
2025-03-18,m6,seafood,959.39,284.82,118.22
2025-03-18,m6,deli,2542.06,1129.03,459.97
2025-03-18,m6,bakery,1830.3,936.19,282.44
2025-03-18,m6,grocery,11763.13,2530.73,681.16
2025-03-18,m6,dairy,3478.58,817.41,174.25
2025-03-18,m6,frozen,2551.55,677.97,130.18
2025-03-18,m6,floral,571.11,271.47,79.4
2025-03-18,m6,hba,1987.67,754.97,139.64
2025-03-19,m1,produce,4454.58,1572.37,530.1
2025-03-19,m1,meat,3528.82,1007.21,397.93
2025-03-19,m1,seafood,1148.24,336.52,142.32
2025-03-19,m1,deli,2703.77,1197.66,492.31
2025-03-19,m1,bakery,1915.39,931.98,314.87
2025-03-19,m1,grocery,11552.44,2471.75,677.56
2025-03-19,m1,dairy,3650.82,857.93,187.95
2025-03-19,m1,frozen,2539.35,678.34,129.57
2025-03-19,m1,floral,645.61,300.95,92.31
2025-03-19,m1,hba,1999.03,767.36,142.14
2025-03-19,m2,produce,3795.96,1291.93,458.78
2025-03-19,m2,meat,3016.22,848.74,318.7
2025-03-19,m2,seafood,1000.86,301.73,118.84
2025-03-19,m2,deli,2448.38,1079.57,430.58
2025-03-19,m2,bakery,1624.61,832.54,265.02
2025-03-19,m2,grocery,9876.01,2180.06,593.08
2025-03-19,m2,dairy,3079.98,725.96,155.33
2025-03-19,m2,frozen,2122.6,567.16,104.1
2025-03-19,m2,floral,519.03,245.93,69.93
2025-03-19,m2,hba,1718.08,658.8,120.38
2025-03-19,m3,produce,5061.96,1738.18,585.16
2025-03-19,m3,meat,4331.2,1230.4,490.7
2025-03-19,m3,seafood,1287.51,387.88,157.56
2025-03-19,m3,deli,3291.6,1496.7,610.82
2025-03-19,m3,bakery,2259.68,1120.41,348.66
2025-03-19,m3,grocery,13832.53,3055.36,855.47
2025-03-19,m3,dairy,4206.93,1010.33,207.15
2025-03-19,m3,frozen,2837.28,751.4,139.98
2025-03-19,m3,floral,729.99,355.02,104.0
2025-03-19,m3,hba,2290.98,864.87,163.63
2025-03-19,m4,produce,3241.42,1133.15,391.98
2025-03-19,m4,meat,2633.92,744.89,299.88
2025-03-19,m4,seafood,773.81,226.67,89.14
2025-03-19,m4,deli,1848.13,809.2,319.65
2025-03-19,m4,bakery,1302.99,631.95,207.56
2025-03-19,m4,grocery,8505.14,1922.91,493.87
2025-03-19,m4,dairy,2591.12,627.31,134.44
2025-03-19,m4,frozen,1820.43,487.77,89.42
2025-03-19,m4,floral,451.19,213.94,60.82
2025-03-19,m4,hba,1347.21,500.94,93.98
2025-03-19,m5,produce,4403.9,1586.06,545.99
2025-03-19,m5,meat,3340.34,942.97,380.74
2025-03-19,m5,seafood,1128.58,346.3,140.11
2025-03-19,m5,deli,2545.9,1119.03,466.5
2025-03-19,m5,bakery,1801.09,921.42,292.67
2025-03-19,m5,grocery,11028.55,2356.78,665.06
2025-03-19,m5,dairy,3407.92,827.31,166.52
2025-03-19,m5,frozen,2387.53,639.89,114.96
2025-03-19,m5,floral,598.99,286.92,81.68
2025-03-19,m5,hba,1808.05,703.44,128.15
2025-03-19,m6,produce,4880.15,1746.62,595.45
2025-03-19,m6,meat,3921.66,1078.48,423.35
2025-03-19,m6,seafood,1232.65,380.07,144.23
2025-03-19,m6,deli,2963.71,1358.5,554.63
2025-03-19,m6,bakery,1908.47,957.85,314.08
2025-03-19,m6,grocery,12545.92,2793.71,770.34
2025-03-19,m6,dairy,4023.56,979.71,197.74
2025-03-19,m6,frozen,2556.43,684.74,131.1
2025-03-19,m6,floral,669.51,318.92,96.74
2025-03-19,m6,hba,2148.13,818.29,148.21
2025-03-20,m1,produce,4915.11,1710.69,593.6
2025-03-20,m1,meat,4329.81,1247.52,486.46
2025-03-20,m1,seafood,1447.57,438.77,179.12
2025-03-20,m1,deli,3053.61,1366.52,569.94
2025-03-20,m1,bakery,1991.61,981.06,309.42
2025-03-20,m1,grocery,12382.98,2748.03,740.05
2025-03-20,m1,dairy,3765.81,913.57,194.16
2025-03-20,m1,frozen,2707.74,749.44,140.62
2025-03-20,m1,floral,779.25,370.49,110.25
2025-03-20,m1,hba,2049.56,795.24,144.31
2025-03-20,m2,produce,4317.08,1537.47,531.51
2025-03-20,m2,meat,3689.37,1053.07,418.19
2025-03-20,m2,seafood,1337.93,402.44,160.8
2025-03-20,m2,deli,2570.0,1139.48,464.47
2025-03-20,m2,bakery,1844.01,935.26,299.38
2025-03-20,m2,grocery,10387.21,2283.7,614.53
2025-03-20,m2,dairy,3295.71,784.96,170.55
2025-03-20,m2,frozen,2343.59,644.89,114.55
2025-03-20,m2,floral,676.52,322.94,96.62
2025-03-20,m2,hba,1633.57,625.99,113.93
2025-03-20,m3,produce,5761.1,2064.2,674.09
2025-03-20,m3,meat,4791.9,1365.37,527.3
2025-03-20,m3,seafood,1657.83,486.74,192.13
2025-03-20,m3,deli,3606.34,1597.72,644.27
2025-03-20,m3,bakery,2466.86,1236.54,381.96
2025-03-20,m3,grocery,14089.86,3011.15,813.68
2025-03-20,m3,dairy,4150.3,977.29,212.1
2025-03-20,m3,frozen,3027.82,805.42,156.85
2025-03-20,m3,floral,921.86,438.71,128.06
2025-03-20,m3,hba,2346.19,880.86,162.76
2025-03-20,m4,produce,3294.37,1148.08,398.16
2025-03-20,m4,meat,3063.51,863.69,324.64
2025-03-20,m4,seafood,1049.4,305.97,124.11
2025-03-20,m4,deli,2002.1,911.79,370.79
2025-03-20,m4,bakery,1437.37,720.37,222.58
2025-03-20,m4,grocery,8471.75,1877.23,502.25
2025-03-20,m4,dairy,2749.54,659.51,132.28
2025-03-20,m4,frozen,1836.73,495.54,94.82
2025-03-20,m4,floral,564.13,271.49,76.34
2025-03-20,m4,hba,1431.82,551.13,103.61
2025-03-20,m5,produce,4584.33,1628.49,538.74
2025-03-20,m5,meat,4368.27,1188.94,473.2
2025-03-20,m5,seafood,1464.92,448.83,171.8
2025-03-20,m5,deli,2825.35,1234.05,493.44
2025-03-20,m5,bakery,2045.24,1039.85,338.64
2025-03-20,m5,grocery,11221.85,2469.11,671.33
2025-03-20,m5,dairy,3633.79,866.26,187.87
2025-03-20,m5,frozen,2653.43,697.03,133.58
2025-03-20,m5,floral,782.75,375.52,113.11
2025-03-20,m5,hba,1861.29,692.98,128.1
2025-03-20,m6,produce,5004.14,1710.43,583.91
2025-03-20,m6,meat,4760.56,1308.89,523.09
2025-03-20,m6,seafood,1497.58,456.71,184.12
2025-03-20,m6,deli,3278.66,1499.52,568.62
2025-03-20,m6,bakery,2112.19,1045.96,342.9
2025-03-20,m6,grocery,12903.37,2792.54,770.78
2025-03-20,m6,dairy,4017.73,988.07,194.48
2025-03-20,m6,frozen,2784.14,762.56,144.18
2025-03-20,m6,floral,853.65,408.23,118.24
2025-03-20,m6,hba,2142.4,790.69,150.27
2025-03-21,m1,produce,6588.7,2324.7,765.74
2025-03-21,m1,meat,6561.52,1812.85,725.07
2025-03-21,m1,seafood,2290.42,669.2,269.63
2025-03-21,m1,deli,3859.1,1721.76,689.15
2025-03-21,m1,bakery,2705.8,1385.9,445.93
2025-03-21,m1,grocery,13186.5,2842.2,795.65
2025-03-21,m1,dairy,4399.45,1052.45,228.71
2025-03-21,m1,frozen,3342.72,889.7,161.34
2025-03-21,m1,floral,1068.89,503.39,148.61
2025-03-21,m1,hba,2322.14,868.24,157.96
2025-03-21,m2,produce,5292.41,1874.73,610.25
2025-03-21,m2,meat,5345.97,1522.75,569.84
2025-03-21,m2,seafood,1994.67,601.47,229.96
2025-03-21,m2,deli,3258.8,1434.52,606.33
2025-03-21,m2,bakery,2286.97,1164.15,356.8
2025-03-21,m2,grocery,11620.64,2553.28,674.87
2025-03-21,m2,dairy,3637.7,880.04,182.49
2025-03-21,m2,frozen,2965.21,783.61,143.84
2025-03-21,m2,floral,883.82,433.43,119.46
2025-03-21,m2,hba,1964.74,768.43,138.26
2025-03-21,m3,produce,7244.94,2574.29,893.02
2025-03-21,m3,meat,7461.06,2054.67,805.12
2025-03-21,m3,seafood,2537.73,758.21,313.56
2025-03-21,m3,deli,4366.59,1909.28,796.78
2025-03-21,m3,bakery,3115.1,1547.34,502.66
2025-03-21,m3,grocery,16340.18,3648.46,951.18
2025-03-21,m3,dairy,5034.61,1229.36,259.56
2025-03-21,m3,frozen,3950.31,1082.93,192.1
2025-03-21,m3,floral,1206.4,571.7,172.59
2025-03-21,m3,hba,2636.77,973.77,178.17
2025-03-21,m4,produce,4336.57,1553.47,505.63
2025-03-21,m4,meat,4670.31,1297.45,509.35
2025-03-21,m4,seafood,1610.12,491.93,199.66
2025-03-21,m4,deli,2534.57,1142.97,449.91
2025-03-21,m4,bakery,1782.96,915.47,285.54
2025-03-21,m4,grocery,9484.87,2133.14,577.67
2025-03-21,m4,dairy,3088.89,760.17,155.74
2025-03-21,m4,frozen,2408.08,653.07,120.11
2025-03-21,m4,floral,697.4,334.54,96.4
2025-03-21,m4,hba,1618.6,619.92,111.05
2025-03-21,m5,produce,5997.94,2070.46,707.6
2025-03-21,m5,meat,6258.36,1732.68,710.77
2025-03-21,m5,seafood,2282.25,687.39,270.55
2025-03-21,m5,deli,3440.77,1578.61,620.21
2025-03-21,m5,bakery,2445.24,1205.3,388.86
2025-03-21,m5,grocery,13227.81,2956.97,818.47
2025-03-21,m5,dairy,3963.46,966.64,194.92
2025-03-21,m5,frozen,3276.5,877.3,164.39
2025-03-21,m5,floral,969.18,473.52,136.57
2025-03-21,m5,hba,2121.33,816.97,152.96
2025-03-21,m6,produce,6880.66,2365.71,844.83
2025-03-21,m6,meat,7136.02,1960.09,794.22
2025-03-21,m6,seafood,2423.05,715.82,290.4
2025-03-21,m6,deli,3789.15,1712.09,684.09
2025-03-21,m6,bakery,2630.33,1323.53,412.52
2025-03-21,m6,grocery,15062.6,3376.03,938.74
2025-03-21,m6,dairy,4318.85,1017.18,223.44
2025-03-21,m6,frozen,3706.97,998.16,192.63
2025-03-21,m6,floral,1099.82,520.85,154.81
2025-03-21,m6,hba,2350.88,869.27,163.61
2025-03-22,m1,produce,9315.31,3279.0,1115.72
2025-03-22,m1,meat,8672.58,2372.87,929.65
2025-03-22,m1,seafood,2845.45,869.07,329.28
2025-03-22,m1,deli,4777.02,2120.94,863.2
2025-03-22,m1,bakery,3720.6,1891.99,615.57
2025-03-22,m1,grocery,16754.23,3620.67,1036.72
2025-03-22,m1,dairy,5228.4,1217.91,258.02
2025-03-22,m1,frozen,4284.64,1141.39,213.03
2025-03-22,m1,floral,1235.39,597.19,173.93
2025-03-22,m1,hba,2705.43,1031.31,194.54
2025-03-22,m2,produce,7291.03,2560.08,862.09
2025-03-22,m2,meat,7247.16,2066.43,817.92
2025-03-22,m2,seafood,2379.83,718.93,295.96
2025-03-22,m2,deli,3763.79,1718.14,703.43
2025-03-22,m2,bakery,3162.94,1580.16,489.7
2025-03-22,m2,grocery,14462.9,3128.57,864.96
2025-03-22,m2,dairy,4267.14,1004.05,208.58
2025-03-22,m2,frozen,3455.98,918.49,170.15
2025-03-22,m2,floral,1087.76,525.25,150.91
2025-03-22,m2,hba,2287.05,848.24,154.74
2025-03-22,m3,produce,10437.4,3640.49,1276.45
2025-03-22,m3,meat,9971.03,2811.16,1086.3
2025-03-22,m3,seafood,3331.97,985.9,412.05
2025-03-22,m3,deli,5304.74,2428.61,956.68
2025-03-22,m3,bakery,4302.2,2150.97,694.72
2025-03-22,m3,grocery,19553.9,4329.36,1161.31
2025-03-22,m3,dairy,6094.42,1471.52,309.57
2025-03-22,m3,frozen,4807.27,1320.4,234.73
2025-03-22,m3,floral,1432.92,683.88,196.58
2025-03-22,m3,hba,3118.87,1166.03,220.07
2025-03-22,m4,produce,6202.21,2108.81,770.18
2025-03-22,m4,meat,5983.11,1695.13,655.63
2025-03-22,m4,seafood,2080.44,619.97,246.56
2025-03-22,m4,deli,3193.25,1436.18,585.09
2025-03-22,m4,bakery,2775.26,1353.45,435.34
2025-03-22,m4,grocery,11200.47,2444.38,698.75
2025-03-22,m4,dairy,3627.87,853.37,186.53
2025-03-22,m4,frozen,3005.36,816.27,154.0
2025-03-22,m4,floral,919.46,454.03,127.33
2025-03-22,m4,hba,1989.58,737.44,143.9
2025-03-22,m5,produce,8098.71,2867.76,936.86
2025-03-22,m5,meat,7982.59,2293.06,874.79
2025-03-22,m5,seafood,2684.49,822.67,316.43
2025-03-22,m5,deli,4568.34,2022.34,809.91
2025-03-22,m5,bakery,3625.79,1783.72,561.2
2025-03-22,m5,grocery,14925.01,3313.96,915.86
2025-03-22,m5,dairy,5158.07,1270.73,251.22
2025-03-22,m5,frozen,4039.68,1119.64,208.37
2025-03-22,m5,floral,1174.31,574.08,160.4
2025-03-22,m5,hba,2687.47,994.73,182.13
2025-03-22,m6,produce,9627.66,3304.73,1120.58
2025-03-22,m6,meat,9175.88,2609.46,1027.37
2025-03-22,m6,seafood,2924.52,900.1,343.8
2025-03-22,m6,deli,4609.43,2118.48,847.38
2025-03-22,m6,bakery,4004.55,1944.69,640.96
2025-03-22,m6,grocery,16504.18,3551.39,954.47
2025-03-22,m6,dairy,5265.87,1235.93,270.91
2025-03-22,m6,frozen,4592.15,1245.38,225.55
2025-03-22,m6,floral,1299.19,611.46,176.21
2025-03-22,m6,hba,2835.31,1086.48,202.51
2025-03-23,m1,produce,6956.56,2416.89,801.43
2025-03-23,m1,meat,6188.98,1763.99,690.46
2025-03-23,m1,seafood,1827.31,549.56,217.59
2025-03-23,m1,deli,3702.64,1712.39,690.11
2025-03-23,m1,bakery,3241.38,1630.95,527.68
2025-03-23,m1,grocery,14984.2,3346.29,900.74
2025-03-23,m1,dairy,4574.11,1097.99,228.7
2025-03-23,m1,frozen,3488.81,925.41,175.83
2025-03-23,m1,floral,911.11,432.05,128.62
2025-03-23,m1,hba,2440.69,920.56,169.12
2025-03-23,m2,produce,6066.03,2084.73,699.74
2025-03-23,m2,meat,5247.31,1481.45,560.91
2025-03-23,m2,seafood,1627.01,496.61,199.13
2025-03-23,m2,deli,3186.18,1416.75,561.79
2025-03-23,m2,bakery,2660.79,1308.61,423.65
2025-03-23,m2,grocery,12410.28,2724.75,742.54
2025-03-23,m2,dairy,4074.28,975.67,202.34
2025-03-23,m2,frozen,2748.65,762.07,141.8
2025-03-23,m2,floral,818.02,387.83,110.43
2025-03-23,m2,hba,2085.61,787.14,147.78
2025-03-23,m3,produce,8306.36,2924.36,985.18
2025-03-23,m3,meat,7154.34,2000.46,814.3
2025-03-23,m3,seafood,2201.98,659.78,261.12
2025-03-23,m3,deli,4117.21,1899.65,721.29
2025-03-23,m3,bakery,3968.99,1942.34,645.76
2025-03-23,m3,grocery,16425.27,3510.5,963.34
2025-03-23,m3,dairy,5320.44,1240.45,263.97
2025-03-23,m3,frozen,4009.67,1080.03,202.44
2025-03-23,m3,floral,1039.01,485.29,145.66
2025-03-23,m3,hba,2724.93,1031.65,190.55
2025-03-23,m4,produce,5224.14,1777.56,640.9
2025-03-23,m4,meat,4448.8,1250.62,472.43
2025-03-23,m4,seafood,1353.2,416.51,160.8
2025-03-23,m4,deli,2626.9,1177.84,481.26
2025-03-23,m4,bakery,2248.97,1100.35,371.78
2025-03-23,m4,grocery,9817.45,2144.79,584.07
2025-03-23,m4,dairy,3083.67,731.33,159.78
2025-03-23,m4,frozen,2297.52,622.91,114.12
2025-03-23,m4,floral,667.41,313.66,93.79
2025-03-23,m4,hba,1681.38,654.87,112.99
2025-03-23,m5,produce,6608.15,2362.65,778.1
2025-03-23,m5,meat,5892.46,1606.93,646.53
2025-03-23,m5,seafood,1838.78,565.69,220.54
2025-03-23,m5,deli,3361.34,1508.94,624.37
2025-03-23,m5,bakery,3161.45,1626.2,520.02
2025-03-23,m5,grocery,14521.54,3148.37,875.38
2025-03-23,m5,dairy,4556.59,1114.21,224.74
2025-03-23,m5,frozen,3269.38,884.15,165.66
2025-03-23,m5,floral,906.6,437.51,128.78
2025-03-23,m5,hba,2410.77,931.39,165.32
2025-03-23,m6,produce,7875.38,2745.45,927.82
2025-03-23,m6,meat,6811.04,1884.27,777.55
2025-03-23,m6,seafood,2034.3,593.86,245.91
2025-03-23,m6,deli,3995.05,1771.63,737.75
2025-03-23,m6,bakery,3472.9,1772.34,543.17
2025-03-23,m6,grocery,16050.91,3523.65,936.34
2025-03-23,m6,dairy,4652.99,1119.55,230.1
2025-03-23,m6,frozen,3641.1,978.34,179.6
2025-03-23,m6,floral,928.9,436.84,129.85
2025-03-23,m6,hba,2696.13,997.87,185.92
2025-03-24,m1,produce,4804.7,1713.43,560.61
2025-03-24,m1,meat,3966.85,1079.44,451.63
2025-03-24,m1,seafood,966.49,285.35,119.5
2025-03-24,m1,deli,3012.09,1392.71,546.01
2025-03-24,m1,bakery,2052.88,1047.96,322.85
2025-03-24,m1,grocery,13069.89,2817.56,762.81
2025-03-24,m1,dairy,4011.63,955.68,193.89
2025-03-24,m1,frozen,2647.85,727.63,127.19
2025-03-24,m1,floral,630.57,302.54,85.4
2025-03-24,m1,hba,2279.51,882.23,161.45
2025-03-24,m2,produce,4312.62,1464.33,504.17
2025-03-24,m2,meat,3256.98,938.42,354.45
2025-03-24,m2,seafood,869.98,266.11,103.21
2025-03-24,m2,deli,2580.81,1129.34,479.15
2025-03-24,m2,bakery,1731.7,841.9,278.91
2025-03-24,m2,grocery,11524.32,2552.75,709.24
2025-03-24,m2,dairy,3363.08,791.15,166.69
2025-03-24,m2,frozen,2464.74,649.81,124.16
2025-03-24,m2,floral,539.99,259.6,77.6
2025-03-24,m2,hba,1810.7,670.11,127.83
2025-03-24,m3,produce,5427.73,1916.06,661.75
2025-03-24,m3,meat,4389.41,1236.89,490.14
2025-03-24,m3,seafood,1101.5,337.43,133.92
2025-03-24,m3,deli,3534.3,1620.04,628.98
2025-03-24,m3,bakery,2385.49,1177.98,387.96
2025-03-24,m3,grocery,14718.96,3297.81,864.42
2025-03-24,m3,dairy,4922.02,1167.77,242.69
2025-03-24,m3,frozen,3095.43,818.15,150.5
2025-03-24,m3,floral,691.86,333.84,93.9
2025-03-24,m3,hba,2405.52,911.3,163.66
2025-03-24,m4,produce,3240.69,1152.64,394.72
2025-03-24,m4,meat,2806.34,796.08,307.1
2025-03-24,m4,seafood,676.85,204.81,84.1
2025-03-24,m4,deli,2121.18,959.55,395.17
2025-03-24,m4,bakery,1408.64,703.19,216.98
2025-03-24,m4,grocery,8738.07,1886.79,506.08
2025-03-24,m4,dairy,2723.63,667.52,133.48
2025-03-24,m4,frozen,1873.7,505.83,94.87
2025-03-24,m4,floral,435.11,211.48,60.06
2025-03-24,m4,hba,1468.07,552.07,106.6
2025-03-24,m5,produce,4558.37,1577.7,565.19
2025-03-24,m5,meat,3803.8,1077.84,401.93
2025-03-24,m5,seafood,981.64,302.52,117.0
2025-03-24,m5,deli,2860.06,1324.74,500.32
2025-03-24,m5,bakery,2044.52,1006.32,329.84
2025-03-24,m5,grocery,12841.91,2894.26,784.12
2025-03-24,m5,dairy,3846.24,938.1,194.34
2025-03-24,m5,frozen,2680.65,736.81,132.67
2025-03-24,m5,floral,566.96,271.86,81.43
2025-03-24,m5,hba,2068.54,772.42,142.86
2025-03-24,m6,produce,5158.19,1830.99,619.23
2025-03-24,m6,meat,4189.29,1200.42,479.02
2025-03-24,m6,seafood,1066.96,322.24,127.37
2025-03-24,m6,deli,3307.65,1515.26,593.23
2025-03-24,m6,bakery,2223.8,1115.05,356.91
2025-03-24,m6,grocery,13920.47,2978.81,824.04
2025-03-24,m6,dairy,4246.59,1026.95,217.29
2025-03-24,m6,frozen,2894.11,799.14,149.67
2025-03-24,m6,floral,686.74,331.79,94.07
2025-03-24,m6,hba,2243.78,857.29,156.43
2025-03-25,m1,produce,4308.41,1521.7,497.93
2025-03-25,m1,meat,3482.93,998.88,375.59
2025-03-25,m1,seafood,981.27,294.92,113.42
2025-03-25,m1,deli,2888.24,1295.75,515.6
2025-03-25,m1,bakery,1870.9,961.19,306.59
2025-03-25,m1,grocery,11662.46,2614.14,702.35
2025-03-25,m1,dairy,3736.81,896.93,193.61
2025-03-25,m1,frozen,2607.69,709.99,128.36
2025-03-25,m1,floral,570.89,266.65,83.05
2025-03-25,m1,hba,1952.1,748.98,134.32
2025-03-25,m2,produce,3593.24,1237.62,448.07
2025-03-25,m2,meat,3061.29,848.35,337.96
2025-03-25,m2,seafood,828.52,251.32,96.08
2025-03-25,m2,deli,2383.32,1101.23,412.55
2025-03-25,m2,bakery,1542.2,782.64,241.98
2025-03-25,m2,grocery,10302.39,2289.89,613.97
2025-03-25,m2,dairy,3332.98,785.71,162.17
2025-03-25,m2,frozen,2066.46,572.4,101.75
2025-03-25,m2,floral,482.48,232.27,65.22
2025-03-25,m2,hba,1790.72,695.71,128.89
2025-03-25,m3,produce,4804.54,1655.31,589.4
2025-03-25,m3,meat,4237.94,1218.26,483.52
2025-03-25,m3,seafood,1110.9,332.3,129.27
2025-03-25,m3,deli,3262.36,1492.69,585.59
2025-03-25,m3,bakery,2084.82,1052.92,327.66
2025-03-25,m3,grocery,13150.6,2943.3,779.77
2025-03-25,m3,dairy,4284.82,1009.19,221.87
2025-03-25,m3,frozen,2978.65,824.06,150.37
2025-03-25,m3,floral,680.52,331.87,99.02
2025-03-25,m3,hba,2233.1,840.54,156.59
2025-03-25,m4,produce,3135.67,1077.35,391.06
2025-03-25,m4,meat,2570.32,713.27,279.12
2025-03-25,m4,seafood,695.61,211.9,80.83
2025-03-25,m4,deli,1936.74,887.84,340.59
2025-03-25,m4,bakery,1278.0,644.27,208.95
2025-03-25,m4,grocery,8559.73,1834.2,533.84
2025-03-25,m4,dairy,2565.65,621.56,132.52
2025-03-25,m4,frozen,1772.14,486.25,87.81
2025-03-25,m4,floral,401.3,189.15,54.12
2025-03-25,m4,hba,1400.16,516.22,96.88
2025-03-25,m5,produce,4380.07,1572.94,531.86
2025-03-25,m5,meat,3372.06,963.3,384.86
2025-03-25,m5,seafood,989.16,289.36,121.96
2025-03-25,m5,deli,2650.01,1196.9,462.37
2025-03-25,m5,bakery,1724.69,862.05,286.9
2025-03-25,m5,grocery,11592.03,2525.87,702.47
2025-03-25,m5,dairy,3412.41,835.45,168.12
2025-03-25,m5,frozen,2361.18,649.84,116.11
2025-03-25,m5,floral,556.22,259.86,76.63
2025-03-25,m5,hba,1997.81,742.63,137.14
2025-03-25,m6,produce,4560.44,1562.92,540.24
2025-03-25,m6,meat,3725.69,1016.56,410.84
2025-03-25,m6,seafood,1010.26,299.59,119.29
2025-03-25,m6,deli,2763.02,1279.26,490.49
2025-03-25,m6,bakery,2020.2,1032.49,334.39
2025-03-25,m6,grocery,12658.13,2843.53,751.14
2025-03-25,m6,dairy,3796.41,898.25,187.3
2025-03-25,m6,frozen,2763.01,731.81,134.97
2025-03-25,m6,floral,611.32,288.7,84.05
2025-03-25,m6,hba,2182.24,831.75,153.26
2025-03-26,m1,produce,5009.56,1786.12,603.5
2025-03-26,m1,meat,4008.29,1135.15,433.76
2025-03-26,m1,seafood,1262.64,374.19,156.31
2025-03-26,m1,deli,3090.6,1352.45,574.95
2025-03-26,m1,bakery,2055.95,1037.72,322.87
2025-03-26,m1,grocery,12347.89,2646.25,767.48
2025-03-26,m1,dairy,4118.24,965.06,205.53
2025-03-26,m1,frozen,2754.83,737.61,138.2
2025-03-26,m1,floral,674.55,325.55,94.9
2025-03-26,m1,hba,2241.2,830.3,152.72
2025-03-26,m2,produce,4171.49,1466.07,515.26
2025-03-26,m2,meat,3425.13,931.23,368.28
2025-03-26,m2,seafood,1089.88,320.48,135.57
2025-03-26,m2,deli,2655.59,1195.71,496.73
2025-03-26,m2,bakery,1674.47,838.39,263.06
2025-03-26,m2,grocery,11311.68,2529.82,661.74
2025-03-26,m2,dairy,3486.37,814.61,170.29
2025-03-26,m2,frozen,2388.03,632.87,119.67
2025-03-26,m2,floral,578.06,275.88,81.52
2025-03-26,m2,hba,1926.61,722.78,132.15
2025-03-26,m3,produce,5759.26,1970.35,686.7
2025-03-26,m3,meat,4642.0,1299.58,530.14
2025-03-26,m3,seafood,1430.83,421.29,168.31
2025-03-26,m3,deli,3337.83,1473.58,607.58
2025-03-26,m3,bakery,2292.8,1158.16,356.06
2025-03-26,m3,grocery,14182.47,3213.4,867.62
2025-03-26,m3,dairy,4803.09,1165.47,233.1
2025-03-26,m3,frozen,3088.26,856.81,155.33
2025-03-26,m3,floral,806.52,392.18,115.89
2025-03-26,m3,hba,2382.0,883.82,162.82
2025-03-26,m4,produce,3264.7,1158.02,400.72
2025-03-26,m4,meat,2886.95,799.86,315.31
2025-03-26,m4,seafood,893.27,270.88,106.71
2025-03-26,m4,deli,2047.2,928.71,359.85
2025-03-26,m4,bakery,1429.45,730.59,235.26
2025-03-26,m4,grocery,9195.73,2021.84,571.57
2025-03-26,m4,dairy,2839.66,671.38,141.23
2025-03-26,m4,frozen,1868.3,512.96,95.91
2025-03-26,m4,floral,495.59,238.23,67.74
2025-03-26,m4,hba,1464.65,549.46,100.75
2025-03-26,m5,produce,4445.68,1581.11,532.34
2025-03-26,m5,meat,3877.89,1057.49,425.01
2025-03-26,m5,seafood,1169.77,345.13,137.01
2025-03-26,m5,deli,2968.02,1362.81,554.05
2025-03-26,m5,bakery,1923.52,960.63,306.24
2025-03-26,m5,grocery,11830.5,2646.59,718.08
2025-03-26,m5,dairy,3833.33,946.85,192.46
2025-03-26,m5,frozen,2662.41,703.53,130.65
2025-03-26,m5,floral,647.81,306.38,87.78
2025-03-26,m5,hba,2143.19,815.22,147.75
2025-03-26,m6,produce,5028.73,1713.9,625.52
2025-03-26,m6,meat,4012.32,1150.33,432.6
2025-03-26,m6,seafood,1285.14,396.13,159.54
2025-03-26,m6,deli,3277.91,1481.64,610.06
2025-03-26,m6,bakery,2267.92,1142.64,376.73
2025-03-26,m6,grocery,12899.21,2915.92,763.26
2025-03-26,m6,dairy,4367.59,1051.61,219.57
2025-03-26,m6,frozen,2756.85,730.66,133.52
2025-03-26,m6,floral,711.33,346.85,97.6
2025-03-26,m6,hba,2355.66,899.78,166.6
2025-03-27,m1,produce,5365.05,1929.67,647.16
2025-03-27,m1,meat,4704.72,1307.83,522.68
2025-03-27,m1,seafood,1696.6,503.63,209.42
2025-03-27,m1,deli,3219.02,1471.06,580.93
2025-03-27,m1,bakery,2259.36,1124.99,363.3
2025-03-27,m1,grocery,13172.21,2828.89,815.37
2025-03-27,m1,dairy,3972.51,974.37,193.94
2025-03-27,m1,frozen,2967.37,825.03,143.3
2025-03-27,m1,floral,895.15,441.94,124.73
2025-03-27,m1,hba,2097.86,808.57,143.54
2025-03-27,m2,produce,4303.36,1484.17,533.68
2025-03-27,m2,meat,4020.21,1158.84,447.28
2025-03-27,m2,seafood,1442.05,442.82,167.42
2025-03-27,m2,deli,2893.47,1310.79,503.89
2025-03-27,m2,bakery,1873.79,942.42,305.72
2025-03-27,m2,grocery,11469.48,2484.11,686.85
2025-03-27,m2,dairy,3392.52,797.94,173.12
2025-03-27,m2,frozen,2602.75,720.72,130.03
2025-03-27,m2,floral,784.14,383.07,113.18
2025-03-27,m2,hba,1776.59,675.25,121.67
2025-03-27,m3,produce,6112.68,2075.27,745.05
2025-03-27,m3,meat,5727.56,1628.09,632.87
2025-03-27,m3,seafood,1814.77,552.24,226.15
2025-03-27,m3,deli,3782.55,1719.23,664.11
2025-03-27,m3,bakery,2683.85,1320.52,413.79
2025-03-27,m3,grocery,14389.38,3227.83,842.48
2025-03-27,m3,dairy,4598.29,1074.54,228.98
2025-03-27,m3,frozen,3483.5,914.11,177.32
2025-03-27,m3,floral,1033.78,492.25,147.7
2025-03-27,m3,hba,2569.12,995.87,178.86
2025-03-27,m4,produce,3762.21,1343.13,439.15
2025-03-27,m4,meat,3300.39,905.89,349.54
2025-03-27,m4,seafood,1105.88,338.59,131.86
2025-03-27,m4,deli,2191.12,965.74,380.94
2025-03-27,m4,bakery,1569.19,781.52,255.08
2025-03-27,m4,grocery,8746.81,1948.97,533.78
2025-03-27,m4,dairy,2967.22,713.45,153.12
2025-03-27,m4,frozen,2114.74,586.8,106.46
2025-03-27,m4,floral,605.01,289.59,86.93
2025-03-27,m4,hba,1538.39,590.22,105.24
2025-03-27,m5,produce,4986.15,1710.82,614.45
2025-03-27,m5,meat,4509.47,1248.69,500.26
2025-03-27,m5,seafood,1617.35,493.89,199.29
2025-03-27,m5,deli,3008.24,1337.1,553.29
2025-03-27,m5,bakery,2140.32,1043.9,344.68
2025-03-27,m5,grocery,12644.85,2719.57,731.61
2025-03-27,m5,dairy,3970.0,954.72,204.17
2025-03-27,m5,frozen,2861.01,767.59,144.76
2025-03-27,m5,floral,853.03,417.23,115.15
2025-03-27,m5,hba,2002.08,777.95,143.5
2025-03-27,m6,produce,5395.47,1837.51,666.02
2025-03-27,m6,meat,5033.57,1373.39,555.42
2025-03-27,m6,seafood,1643.12,493.68,190.76
2025-03-27,m6,deli,3347.14,1510.63,618.3
2025-03-27,m6,bakery,2265.71,1132.21,372.31
2025-03-27,m6,grocery,13084.27,2928.63,797.54
2025-03-27,m6,dairy,4110.3,965.63,204.57
2025-03-27,m6,frozen,3118.81,848.84,150.7
2025-03-27,m6,floral,947.22,453.6,134.53
2025-03-27,m6,hba,2398.67,902.62,161.64
2025-03-28,m1,produce,6690.35,2275.21,813.43
2025-03-28,m1,meat,6818.9,1944.76,721.9
2025-03-28,m1,seafood,2467.53,751.7,303.4
2025-03-28,m1,deli,4053.9,1778.57,711.63
2025-03-28,m1,bakery,2954.18,1441.49,483.4
2025-03-28,m1,grocery,14973.93,3268.87,919.1
2025-03-28,m1,dairy,4827.26,1165.83,245.6
2025-03-28,m1,frozen,3864.39,1031.67,195.88
2025-03-28,m1,floral,1163.77,558.74,160.19
2025-03-28,m1,hba,2459.9,915.65,172.82
2025-03-28,m2,produce,5768.36,2039.29,694.42
2025-03-28,m2,meat,5956.1,1669.93,669.22
2025-03-28,m2,seafood,2060.69,630.24,243.11
2025-03-28,m2,deli,3458.05,1513.4,616.45
2025-03-28,m2,bakery,2291.81,1141.41,352.79
2025-03-28,m2,grocery,12804.14,2732.88,753.58
2025-03-28,m2,dairy,3901.84,927.75,192.62
2025-03-28,m2,frozen,3088.39,834.66,154.79
2025-03-28,m2,floral,951.78,458.58,130.43
2025-03-28,m2,hba,2060.41,772.12,141.09
2025-03-28,m3,produce,7944.75,2807.58,943.17
2025-03-28,m3,meat,8498.24,2420.22,925.48
2025-03-28,m3,seafood,2756.59,837.61,334.1
2025-03-28,m3,deli,4415.7,1952.24,789.12
2025-03-28,m3,bakery,3365.77,1688.77,543.61
2025-03-28,m3,grocery,17644.55,3769.3,1069.21
2025-03-28,m3,dairy,5490.56,1352.41,283.85
2025-03-28,m3,frozen,4103.54,1079.01,201.37
2025-03-28,m3,floral,1241.13,582.25,172.25
2025-03-28,m3,hba,2985.69,1108.98,209.93
2025-03-28,m4,produce,4938.18,1677.03,598.53
2025-03-28,m4,meat,4890.73,1398.73,524.1
2025-03-28,m4,seafood,1837.34,551.15,228.08
2025-03-28,m4,deli,2817.98,1258.82,517.94
2025-03-28,m4,bakery,1983.9,966.01,311.53
2025-03-28,m4,grocery,10080.64,2159.93,614.35
2025-03-28,m4,dairy,3336.42,790.9,162.43
2025-03-28,m4,frozen,2597.53,708.47,132.27
2025-03-28,m4,floral,784.01,368.62,107.5
2025-03-28,m4,hba,1744.38,671.49,120.82
2025-03-28,m5,produce,6832.74,2395.52,801.16
2025-03-28,m5,meat,6672.05,1899.37,709.39
2025-03-28,m5,seafood,2475.64,757.04,292.12
2025-03-28,m5,deli,4002.55,1789.25,712.08
2025-03-28,m5,bakery,2752.03,1397.29,453.23
2025-03-28,m5,grocery,13521.4,2957.44,793.7
2025-03-28,m5,dairy,4553.36,1082.31,231.0
2025-03-28,m5,frozen,3428.06,951.08,177.04
2025-03-28,m5,floral,1022.73,478.68,141.78
2025-03-28,m5,hba,2365.32,886.95,162.8
2025-03-28,m6,produce,7441.55,2653.72,893.36
2025-03-28,m6,meat,7831.79,2228.69,877.4
2025-03-28,m6,seafood,2603.01,783.53,312.38
2025-03-28,m6,deli,4084.66,1891.29,725.33
2025-03-28,m6,bakery,3107.65,1550.62,510.42
2025-03-28,m6,grocery,14974.79,3331.67,865.25
2025-03-28,m6,dairy,5038.14,1177.05,259.02
2025-03-28,m6,frozen,3767.62,1042.68,183.99
2025-03-28,m6,floral,1218.44,579.76,175.06
2025-03-28,m6,hba,2573.82,967.2,183.18
2025-03-29,m1,produce,9569.84,3293.55,1115.44
2025-03-29,m1,meat,9166.29,2504.13,1016.35
2025-03-29,m1,seafood,3148.38,957.05,386.49
2025-03-29,m1,deli,5046.54,2285.45,886.48
2025-03-29,m1,bakery,4183.68,2108.27,653.22
2025-03-29,m1,grocery,17391.93,3804.41,1028.74
2025-03-29,m1,dairy,5497.24,1349.61,282.66
2025-03-29,m1,frozen,4708.42,1306.07,243.3
2025-03-29,m1,floral,1397.12,670.82,199.64
2025-03-29,m1,hba,2962.53,1118.29,206.74
2025-03-29,m2,produce,8221.48,2861.49,990.72
2025-03-29,m2,meat,8409.52,2410.02,888.83
2025-03-29,m2,seafood,2585.0,790.41,322.54
2025-03-29,m2,deli,4069.63,1788.12,748.86
2025-03-29,m2,bakery,3386.55,1655.47,546.06
2025-03-29,m2,grocery,15859.6,3435.6,942.23
2025-03-29,m2,dairy,4791.11,1163.86,235.03
2025-03-29,m2,frozen,3830.03,1063.83,185.68
2025-03-29,m2,floral,1200.81,573.47,161.43
2025-03-29,m2,hba,2593.38,968.56,179.62
2025-03-29,m3,produce,11447.28,3918.55,1325.09
2025-03-29,m3,meat,10770.73,2938.16,1149.06
2025-03-29,m3,seafood,3620.55,1103.88,427.06
2025-03-29,m3,deli,5800.54,2567.31,1035.49
2025-03-29,m3,bakery,4755.95,2426.21,766.22
2025-03-29,m3,grocery,21111.7,4618.74,1233.32
2025-03-29,m3,dairy,6645.03,1637.06,335.08
2025-03-29,m3,frozen,5299.49,1394.25,263.94
2025-03-29,m3,floral,1562.73,746.43,211.64
2025-03-29,m3,hba,3617.1,1390.62,260.43
2025-03-29,m4,produce,6630.66,2323.47,789.78
2025-03-29,m4,meat,6847.39,1955.18,761.07
2025-03-29,m4,seafood,2259.22,671.16,270.94
2025-03-29,m4,deli,3480.21,1560.02,641.01
2025-03-29,m4,bakery,2769.87,1401.03,429.58
2025-03-29,m4,grocery,12064.1,2698.74,695.93
2025-03-29,m4,dairy,3775.44,889.41,196.18
2025-03-29,m4,frozen,3230.42,856.68,160.11
2025-03-29,m4,floral,1004.36,470.19,144.79
2025-03-29,m4,hba,2010.43,748.1,140.23
2025-03-29,m5,produce,9023.04,3204.52,1048.11
2025-03-29,m5,meat,8774.48,2415.37,995.89
2025-03-29,m5,seafood,2940.12,898.83,353.07
2025-03-29,m5,deli,4621.92,2088.85,830.97
2025-03-29,m5,bakery,4074.56,2028.05,655.13
2025-03-29,m5,grocery,17688.18,3919.69,1102.38
2025-03-29,m5,dairy,5547.6,1314.68,287.66
2025-03-29,m5,frozen,4207.19,1122.58,211.28
2025-03-29,m5,floral,1351.15,667.43,193.4
2025-03-29,m5,hba,2818.74,1054.25,203.04
2025-03-29,m6,produce,10574.38,3753.59,1271.83
2025-03-29,m6,meat,9930.6,2732.51,1105.05
2025-03-29,m6,seafood,3334.91,977.91,387.46
2025-03-29,m6,deli,5207.17,2370.09,901.15
2025-03-29,m6,bakery,4492.5,2247.25,747.16
2025-03-29,m6,grocery,18945.74,4059.24,1117.59
2025-03-29,m6,dairy,5978.85,1472.37,304.08
2025-03-29,m6,frozen,4813.16,1280.47,246.57
2025-03-29,m6,floral,1436.66,693.64,202.3
2025-03-29,m6,hba,3305.36,1250.06,233.68
2025-03-30,m1,produce,8156.96,2918.24,991.11
2025-03-30,m1,meat,6985.12,1972.47,784.31
2025-03-30,m1,seafood,2059.14,624.26,252.26
2025-03-30,m1,deli,4161.76,1826.68,750.45
2025-03-30,m1,bakery,3452.75,1755.75,555.94
2025-03-30,m1,grocery,16127.71,3562.73,940.33
2025-03-30,m1,dairy,5057.07,1198.72,258.36
2025-03-30,m1,frozen,3827.16,1037.64,195.83
2025-03-30,m1,floral,1040.7,513.12,150.25
2025-03-30,m1,hba,2574.65,998.28,184.65
2025-03-30,m2,produce,6539.91,2327.49,802.13
2025-03-30,m2,meat,5707.22,1604.15,650.93
2025-03-30,m2,seafood,1632.19,493.25,188.39
2025-03-30,m2,deli,3436.27,1514.31,625.47
2025-03-30,m2,bakery,3029.78,1507.41,499.95
2025-03-30,m2,grocery,13715.53,2958.38,804.23
2025-03-30,m2,dairy,4296.94,1061.87,210.17
2025-03-30,m2,frozen,3165.2,845.67,160.32
2025-03-30,m2,floral,888.96,430.54,128.42
2025-03-30,m2,hba,2282.26,875.44,160.54
2025-03-30,m3,produce,8661.07,3089.35,1021.43
2025-03-30,m3,meat,7389.65,2049.82,806.84
2025-03-30,m3,seafood,2348.96,725.05,290.95
2025-03-30,m3,deli,4652.93,2085.55,806.03
2025-03-30,m3,bakery,4242.13,2157.22,673.65
2025-03-30,m3,grocery,18778.0,4142.19,1094.83
2025-03-30,m3,dairy,5870.85,1374.64,294.73
2025-03-30,m3,frozen,4268.0,1141.62,215.63
2025-03-30,m3,floral,1204.51,568.33,169.46
2025-03-30,m3,hba,3176.67,1178.04,228.25
2025-03-30,m4,produce,5750.98,2045.03,707.08
2025-03-30,m4,meat,4645.07,1287.89,528.28
2025-03-30,m4,seafood,1353.36,414.37,166.0
2025-03-30,m4,deli,2785.06,1226.88,504.83
2025-03-30,m4,bakery,2574.29,1314.15,404.37
2025-03-30,m4,grocery,11581.43,2602.13,713.37
2025-03-30,m4,dairy,3398.88,828.08,163.16
2025-03-30,m4,frozen,2622.37,708.63,132.17
2025-03-30,m4,floral,732.05,349.05,106.57
2025-03-30,m4,hba,1803.84,705.18,125.13
2025-03-30,m5,produce,7293.54,2488.6,853.75
2025-03-30,m5,meat,6495.58,1854.07,732.99
2025-03-30,m5,seafood,1818.62,560.16,216.05
2025-03-30,m5,deli,3648.88,1656.6,634.74
2025-03-30,m5,bakery,3444.95,1678.36,561.67
2025-03-30,m5,grocery,14440.97,3159.44,844.08
2025-03-30,m5,dairy,4834.86,1139.19,243.34
2025-03-30,m5,frozen,3480.38,934.69,169.06
2025-03-30,m5,floral,976.56,460.89,134.31
2025-03-30,m5,hba,2422.62,920.33,168.81
2025-03-30,m6,produce,8127.29,2786.92,992.0
2025-03-30,m6,meat,7063.69,1935.08,770.99
2025-03-30,m6,seafood,2186.78,662.78,264.44
2025-03-30,m6,deli,4154.76,1875.86,723.45
2025-03-30,m6,bakery,3898.75,1975.69,640.07
2025-03-30,m6,grocery,17411.96,3927.87,1085.0
2025-03-30,m6,dairy,5309.97,1307.46,256.3
2025-03-30,m6,frozen,3976.11,1042.81,205.75
2025-03-30,m6,floral,1073.52,507.95,155.95
2025-03-30,m6,hba,2728.73,1034.05,184.73
